year,month,carrier,carrier_name,airport,airport_name,arr_flights,arr_del15,carrier_ct,weather_ct,nas_ct,security_ct,late_aircraft_ct,arr_cancelled,arr_diverted,arr_delay,carrier_delay,weather_delay,nas_delay,security_delay,late_aircraft_delay
2026,6,MQ,Envoy Air,MLI,"Moline, IL: Quad Cities International",173,29,6.17,3.6,6.33,0,12.9,9,1,1818,236,256,269,0,1057
2026,6,MQ,Envoy Air,MLU,"Monroe, LA: Monroe Regional",89,16,5.12,1.01,5.39,0,4.48,3,0,1267,208,52,337,0,670
2026,6,MQ,Envoy Air,MOB,"Mobile, AL: Mobile Regional",25,7,0.1,0.34,1.8,0,4.77,3,0,415,8,26,217,0,164
2026,6,MQ,Envoy Air,MQT,"Marquette, MI: Marquette Sawyer Regional",60,14,2.39,0,1.41,0,10.21,2,2,665,105,0,43,0,517
2026,6,MQ,Envoy Air,MRY,"Monterey, CA: Monterey Regional",30,4,0.2,0,2.36,0,1.44,0,0,102,5,0,66,0,31
2026,6,MQ,Envoy Air,MSN,"Madison, WI: Dane County Regional-Truax Field",143,27,5.52,0.48,3.14,0,17.86,7,1,1569,283,23,216,0,1047
2026,6,MQ,Envoy Air,MSO,"Missoula, MT: Missoula Montana",56,12,3.19,1,3.69,0,4.13,0,1,425,109,24,96,0,196
2026,6,MQ,Envoy Air,MSP,"Minneapolis, MN: Minneapolis-St Paul International",85,11,1.63,0.7,3.99,0,4.68,1,0,614,100,44,146,0,324
2026,6,MQ,Envoy Air,MSY,"New Orleans, LA: Louis Armstrong New Orleans International",53,12,3.65,0.58,2.52,0,5.26,1,1,476,95,36,82,0,263
2026,6,MQ,Envoy Air,MTJ,"Montrose/Delta, CO: Montrose Regional",13,1,0,0.46,0.54,0,0,0,0,50,0,23,27,0,0
2026,6,MQ,Envoy Air,MVY,"Martha's Vineyard, MA: Martha's Vineyard Airport",2,0,0,0,0,0,0,0,0,0,0,0,0,0,0
2026,6,MQ,Envoy Air,MYR,"Myrtle Beach, SC: Myrtle Beach International",67,13,1.14,1.44,2.22,0,8.2,0,1,931,57,95,84,0,695
2026,6,MQ,Envoy Air,OKC,"Oklahoma City, OK: Okc Will Rogers International",156,38,7.06,3.16,6.09,0,21.69,7,0,2435,349,347,407,0,1332
2026,6,MQ,Envoy Air,OMA,"Omaha, NE: Eppley Airfield",72,17,5.76,0.33,2.62,0,8.29,5,0,1028,385,12,185,0,446
2026,6,MQ,Envoy Air,ORD,"Chicago, IL: Chicago O'Hare International",4737,926,188.11,101.88,285.36,2.52,348.13,202,17,85117,22441,14747,19618,83,28228
2026,6,MQ,Envoy Air,ORF,"Norfolk, VA: Norfolk International",37,9,1.96,0.29,3.26,0,3.49,1,0,483,104,36,157,0,186
2026,6,MQ,Envoy Air,PDX,"Portland, OR: Portland International",4,1,0,0,0.08,0,0.92,0,0,78,0,0,6,0,72
2026,6,MQ,Envoy Air,PHX,"Phoenix, AZ: Phoenix Sky Harbor International",1035,168,58.15,3.87,21.98,1.63,82.36,1,1,9716,3320,288,895,107,5106
2026,6,MQ,Envoy Air,PIA,"Peoria, IL: General Downing - Peoria International",90,18,5.07,1.19,3.52,0,8.23,6,1,675,191,47,145,0,292
2026,6,MQ,Envoy Air,PNS,"Pensacola, FL: Pensacola International",156,34,6.14,1.49,18.7,0,7.67,1,0,1365,251,138,581,0,395
2026,6,MQ,Envoy Air,PVD,"Providence, RI: Rhode Island Tf Green International",82,13,1.17,0,1.6,0,10.22,3,0,805,42,0,50,0,713
2026,6,MQ,Envoy Air,PWM,"Portland, ME: Portland International Jetport",23,3,1.86,0,0,0,1.14,0,0,241,65,0,0,0,176
2026,6,MQ,Envoy Air,RAP,"Rapid City, SD: Rapid City Regional",203,35,9.67,1.49,10,0,13.85,4,1,2010,550,92,406,0,962
2026,6,MQ,Envoy Air,RDM,"Bend/Redmond, OR: Roberts Field",60,19,5.88,0,3.31,0,9.81,0,0,832,307,0,74,0,451
2026,6,MQ,Envoy Air,RDU,"Raleigh/Durham, NC: Raleigh-Durham International",32,13,3.03,0.11,2.4,0,7.45,2,0,1140,182,3,259,0,696
2026,6,MQ,Envoy Air,RIC,"Richmond, VA: Richmond International",4,1,0.86,0,0.14,0,0,0,0,74,64,0,10,0,0
2026,6,MQ,Envoy Air,RNO,"Reno, NV: Reno/Tahoe International",57,9,2,0,1.23,0,5.76,0,0,470,75,0,34,0,361
2026,6,MQ,Envoy Air,ROC,"Rochester, NY: Frederick Douglass Grtr Rochester International",90,10,3.76,0.41,2.18,0,3.66,1,0,542,122,37,131,0,252
2026,6,MQ,Envoy Air,ROW,"Roswell, NM: Roswell Air Center",1,1,0,0,0.51,0,0.49,0,0,189,0,0,96,0,93
2026,6,MQ,Envoy Air,RST,"Rochester, MN: Rochester International",30,12,1.26,0,2.54,0,8.2,0,0,422,79,0,63,0,280
2026,6,MQ,Envoy Air,SAT,"San Antonio, TX: San Antonio International",185,39,8.5,1.32,10.76,0,18.42,7,1,2117,402,97,465,0,1153
2026,6,MQ,Envoy Air,SAV,"Savannah, GA: Savannah/Hilton Head International",69,14,1.03,0,6.85,0.81,5.32,0,0,772,68,0,310,46,348
2026,6,MQ,Envoy Air,SBA,"Santa Barbara, CA: Santa Barbara Municipal",44,6,0.48,0,0.01,0,5.51,0,0,391,86,0,2,0,303
2026,6,MQ,Envoy Air,SDF,"Louisville, KY: Louisville Muhammad Ali International",111,19,4.6,1.75,4.82,0,7.83,4,0,996,116,148,261,0,471
2026,6,MQ,Envoy Air,SEA,"Seattle, WA: Seattle/Tacoma International",93,15,4.63,0,3.36,0,7.01,0,0,612,170,0,110,0,332
2026,6,MQ,Envoy Air,SGF,"Springfield, MO: Springfield-Branson National",409,95,14.32,9.56,25.65,0,45.47,15,0,6951,827,1044,1823,0,3257
2026,6,MQ,Envoy Air,SHV,"Shreveport, LA: Shreveport Regional",62,13,2.43,1.55,2.61,0,6.41,8,0,751,90,165,98,0,398
2026,6,MQ,Envoy Air,SJC,"San Jose, CA: Norman Y. Mineta San Jose International",5,0,0,0,0,0,0,0,0,0,0,0,0,0,0
2026,6,MQ,Envoy Air,SLC,"Salt Lake City, UT: Salt Lake City International",9,1,1,0,0,0,0,0,0,34,34,0,0,0,0
2026,6,MQ,Envoy Air,SMF,"Sacramento, CA: Sacramento International",30,5,1.06,0,0.59,0,3.35,0,0,338,32,0,15,0,291
2026,6,MQ,Envoy Air,SPI,"Springfield, IL: Abraham Lincoln Capital",60,12,0.84,1.45,4.32,0,5.39,1,0,1267,67,190,442,0,568
2026,6,MQ,Envoy Air,SPS,"Wichita Falls, TX: Sheppard AFB/Wichita Falls Municipal",60,15,5.35,0.81,4.13,0,4.71,1,0,1155,217,106,349,0,483
2026,6,MQ,Envoy Air,SRQ,"Sarasota/Bradenton, FL: Sarasota/Bradenton International",38,6,2.15,0.95,0,0,2.9,0,0,302,118,21,0,0,163
2026,6,MQ,Envoy Air,STL,"St. Louis, MO: St Louis Lambert International",120,18,1.8,1.48,7,0,7.71,2,0,771,62,72,335,0,302
2026,6,MQ,Envoy Air,SYR,"Syracuse, NY: Syracuse Hancock International",116,21,3.19,1.51,4.45,0,11.85,5,1,1922,117,316,172,0,1317
2026,6,MQ,Envoy Air,TLH,"Tallahassee, FL: Tallahassee International",94,17,3.45,1.34,7.28,0,4.93,0,1,604,96,99,237,0,172
2026,6,MQ,Envoy Air,TPA,"Tampa, FL: Tampa International",91,21,6.07,0.41,7.21,0,7.31,1,0,874,284,10,280,0,300
2026,6,MQ,Envoy Air,TRI,"Bristol/Johnson City/Kingsport, TN: Tri Cities",60,15,2.62,2.11,5.5,0,4.77,4,2,1107,100,203,324,0,480
2026,6,MQ,Envoy Air,TUL,"Tulsa, OK: Tulsa International",265,50,12.73,1.21,12.62,0,23.44,9,1,2167,424,71,432,0,1240
2026,6,MQ,Envoy Air,TUS,"Tucson, AZ: Tucson International",57,4,0.22,0,0,0,3.78,0,0,175,4,0,0,0,171
2026,6,MQ,Envoy Air,TVC,"Traverse City, MI: Cherry Capital",94,22,7.39,0.83,6.36,0,7.42,2,1,1284,292,56,282,0,654
2026,6,MQ,Envoy Air,TXK,"Texarkana, AR: Texarkana Regional-Webb Field",60,13,4.65,0.18,0.82,0,7.35,4,0,1388,231,5,57,0,1095
2026,6,MQ,Envoy Air,TYR,"Tyler, TX: Tyler Pounds Regional",90,20,5.92,1.98,2.21,0,9.89,5,0,1577,233,128,198,0,1018
2026,6,MQ,Envoy Air,TYS,"Knoxville, TN: McGhee Tyson",62,17,2.17,0.56,10.64,0,3.63,4,0,908,90,48,555,0,215
2026,6,MQ,Envoy Air,VPS,"Valparaiso, FL: Eglin AFB Destin Fort Walton Beach",60,7,3.81,1,0.66,0,1.53,0,0,310,170,44,25,0,71
2026,6,MQ,Envoy Air,XNA,"Fayetteville, AR: Northwest Arkansas National",433,118,20.87,13.11,43.66,0,40.36,12,1,7783,1274,1186,1802,0,3521
2026,6,MQ,Envoy Air,YUM,"Yuma, AZ: Yuma MCAS/Yuma International",48,16,4.1,0.3,0.32,0,11.27,0,0,1067,201,31,69,0,766
2026,6,OH,PSA Airlines Inc.,ABE,"Allentown/Bethlehem/Easton, PA: Lehigh Valley International",60,20,5.91,2.32,4.51,0,7.27,2,0,1277,385,242,141,0,509
2026,6,OH,PSA Airlines Inc.,AGS,"Augusta, GA: Augusta Regional at Bush Field",90,32,3.98,3.01,4.57,0.33,20.1,5,0,3421,257,382,787,38,1957
2026,6,OH,PSA Airlines Inc.,ALB,"Albany, NY: Albany International",84,28,5.4,0.45,7.9,0.81,13.43,10,0,3705,485,121,478,26,2595
2026,6,OH,PSA Airlines Inc.,ATL,"Atlanta, GA: Hartsfield-Jackson Atlanta International",282,68,23.05,5.59,14.38,0,24.98,20,0,5367,1985,607,639,0,2136
2026,6,OH,PSA Airlines Inc.,ATW,"Appleton, WI: Appleton International",30,6,3.05,0,0,0,2.95,1,0,263,154,0,0,0,109
2026,6,OH,PSA Airlines Inc.,AUS,"Austin, TX: Austin - Bergstrom International",11,2,0,0,0,0,2,1,0,207,0,0,0,0,207
2026,6,OH,PSA Airlines Inc.,AVL,"Asheville, NC: Asheville Regional",103,33,11.23,1.29,8.38,0,12.1,9,0,2441,1035,179,296,0,931
2026,6,OH,PSA Airlines Inc.,AVP,"Scranton/Wilkes-Barre, PA: Wilkes Barre Scranton International",60,15,3.48,2.1,4.13,0,5.29,2,0,947,160,314,96,0,377
2026,6,OH,PSA Airlines Inc.,BDL,"Hartford, CT: Bradley International",114,26,7.38,0.01,3.07,0,15.54,14,0,2136,564,3,195,0,1374
2026,6,OH,PSA Airlines Inc.,BGR,"Bangor, ME: Bangor International",100,26,6.62,0.77,5.22,0,13.39,11,1,2978,1580,54,258,0,1086
2026,6,OH,PSA Airlines Inc.,BHM,"Birmingham, AL: Birmingham-Shuttlesworth International",289,97,33.05,6.17,11.76,0.28,45.74,20,2,7730,2572,1340,708,38,3072
2026,6,OH,PSA Airlines Inc.,BNA,"Nashville, TN: Nashville International",171,41,12.77,2.14,11.12,0,14.97,14,0,2002,554,109,352,0,987
2026,6,OH,PSA Airlines Inc.,BTR,"Baton Rouge, LA: Baton Rouge Metropolitan/Ryan Field",98,34,8.86,5.68,5.61,0,13.85,7,0,2787,734,771,320,0,962
2026,6,OH,PSA Airlines Inc.,BTV,"Burlington, VT: Patrick Leahy Burlington International",273,61,21.58,2.58,12.16,0,24.68,25,0,4515,1771,215,570,0,1959
2026,6,OH,PSA Airlines Inc.,BUF,"Buffalo, NY: Buffalo Niagara International",86,31,9.61,2.45,5.5,0,13.44,11,0,2441,889,152,273,0,1127
2026,6,OH,PSA Airlines Inc.,BWI,"Baltimore, MD: Baltimore/Washington International Thurgood Marshall",8,2,1.35,0,0,0,0.65,0,0,112,61,0,0,0,51
2026,6,OH,PSA Airlines Inc.,CAE,"Columbia, SC: Columbia Metropolitan",111,24,7.18,1.26,3.23,0,12.34,6,0,2546,869,154,313,0,1210
2026,6,OH,PSA Airlines Inc.,CAK,"Akron, OH: Akron-Canton Regional",162,63,14.6,5.67,21.48,0.06,21.18,6,0,5034,872,950,1153,10,2049
2026,6,OH,PSA Airlines Inc.,CHA,"Chattanooga, TN: Lovell Field",52,15,3.58,0.22,1.56,0,9.64,7,0,964,165,50,63,0,686
2026,6,OH,PSA Airlines Inc.,CHS,"Charleston, SC: Charleston AFB/International",267,68,21.85,5.98,12.43,0,27.74,16,0,5684,1557,701,385,0,3041
2026,6,OH,PSA Airlines Inc.,CLE,"Cleveland, OH: Cleveland-Hopkins International",163,46,15.99,1.51,12.88,0,15.62,22,0,4369,1491,89,622,0,2167
2026,6,OH,PSA Airlines Inc.,CLT,"Charlotte, NC: Charlotte Douglas International",3423,730,168.07,33.15,108.17,1.1,419.51,103,10,80230,24250,9554,6439,42,39945
2026,6,OH,PSA Airlines Inc.,CMH,"Columbus, OH: John Glenn Columbus International",165,33,7.67,1.6,8.94,0,14.79,4,1,2123,434,200,435,0,1054
2026,6,OH,PSA Airlines Inc.,CRW,"Charleston/Dunbar, WV: West Virginia International Yeager",111,29,7.34,2.97,2.23,0,16.46,12,0,2240,721,146,73,0,1300
2026,6,OH,PSA Airlines Inc.,CVG,"Cincinnati, OH: Cincinnati/Northern Kentucky International",236,58,15,3.31,12.13,0,27.56,10,2,6923,2061,766,1201,0,2895
2026,6,OH,PSA Airlines Inc.,DAB,"Daytona Beach, FL: Daytona Beach International",120,22,10.11,0.8,2.53,1,7.57,5,0,2385,1406,110,159,16,694
2026,6,OH,PSA Airlines Inc.,DAY,"Dayton, OH: James M Cox/Dayton International",328,103,30.82,12.28,16.93,0.33,42.65,14,0,10407,2700,1682,1298,22,4705
2026,6,OH,PSA Airlines Inc.,DCA,"Washington, DC: Ronald Reagan Washington National",3659,954,172.27,46.65,310.33,1.03,423.73,376,17,143673,41058,19025,31496,64,52030
2026,6,OH,PSA Airlines Inc.,DFW,"Dallas/Fort Worth, TX: Dallas/Fort Worth International",1548,418,87.51,46.75,74.99,0.15,208.6,134,15,45731,10627,7781,5366,18,21939
2026,6,OH,PSA Airlines Inc.,DSM,"Des Moines, IA: Des Moines International",88,24,10.56,0,2.65,0,10.79,8,0,2534,1667,0,138,0,729
2026,6,OH,PSA Airlines Inc.,DTW,"Detroit, MI: Detroit Metro Wayne County",189,52,14.49,1.01,11.05,1,24.45,18,0,3613,856,137,750,25,1845
2026,6,OH,PSA Airlines Inc.,ECP,"Panama City, FL: Northwest Florida Beaches International",195,59,11.15,3.01,22.71,0,22.13,11,1,4132,670,376,1093,0,1993
2026,6,OH,PSA Airlines Inc.,GPT,"Gulfport/Biloxi, MS: Gulfport-Biloxi International",30,7,2.24,1.67,2.1,0,1,4,0,833,578,44,73,0,138
2026,6,OH,PSA Airlines Inc.,GRR,"Grand Rapids, MI: Gerald R. Ford International",118,31,11.32,0.91,5.72,0,13.05,6,1,3360,1217,185,791,0,1167
2026,6,OH,PSA Airlines Inc.,GSO,"Greensboro/High Point, NC: Piedmont Triad International",48,12,4.97,1,0.14,0,5.9,4,0,616,236,42,5,0,333
2026,6,OH,PSA Airlines Inc.,GSP,"Greer, SC: Greenville-Spartanburg International",206,89,22.31,3.95,31.85,0,30.89,7,0,8063,2069,678,1795,0,3521
2026,6,OH,PSA Airlines Inc.,HPN,"White Plains, NY: Westchester County",215,71,22.93,1.75,14.86,0,31.46,11,2,4965,1167,705,729,0,2364
2026,6,OH,PSA Airlines Inc.,HSV,"Huntsville, AL: Huntsville International-Carl T Jones Field",69,20,3.71,1.42,5.1,0,9.77,8,1,1592,111,136,140,0,1205
2026,6,OH,PSA Airlines Inc.,IAD,"Washington, DC: Washington Dulles International",59,4,0.93,0,1,0,2.07,2,1,186,44,0,34,0,108
2026,6,OH,PSA Airlines Inc.,IAH,"Houston, TX: George Bush Intercontinental/Houston",89,23,5.62,1.73,6.99,0,8.66,7,7,2194,383,173,531,0,1107
2026,6,OH,PSA Airlines Inc.,ICT,"Wichita, KS: Wichita Dwight D Eisenhower National",82,31,8.46,1.42,9.19,0,11.92,6,1,2609,758,168,499,0,1184
2026,6,OH,PSA Airlines Inc.,ILM,"Wilmington, NC: Wilmington International",82,15,3.04,0.5,3.33,0,8.13,7,0,1053,397,10,249,0,397
2026,6,OH,PSA Airlines Inc.,IND,"Indianapolis, IN: Indianapolis International",116,25,6.94,0.5,2.84,0,14.72,6,0,1503,353,8,176,0,966
2026,6,OH,PSA Airlines Inc.,JAN,"Jackson/Vicksburg, MS: Jackson Medgar Wiley Evers International",260,102,37.38,10.93,21.31,0,32.38,12,3,7538,2586,1489,875,0,2588
2026,6,OH,PSA Airlines Inc.,JAX,"Jacksonville, FL: Jacksonville International",68,17,3.07,0,2.39,0,11.54,6,0,1139,272,0,105,0,762
2026,6,OH,PSA Airlines Inc.,LAN,"Lansing, MI: Capital Region International",26,5,0,0,0.24,0,4.76,2,0,256,0,0,13,0,243
2026,6,OH,PSA Airlines Inc.,LAW,"Lawton/Fort Sill, OK: Lawton-Fort Sill Regional",34,9,3.26,1,0.26,0,4.47,2,0,537,206,80,32,0,219
2026,6,OH,PSA Airlines Inc.,LEX,"Lexington, KY: Blue Grass",219,64,23.87,4.91,9.87,0,25.35,9,0,5371,2667,468,323,0,1913
2026,6,OH,PSA Airlines Inc.,LFT,"Lafayette, LA: Lafayette Regional Paul Fournet Field",68,28,6.73,3.96,6.12,0.99,10.2,3,1,3029,519,905,472,94,1039
2026,6,OH,PSA Airlines Inc.,LIT,"Little Rock, AR: Bill and Hillary Clinton Nat Adams Field",13,4,1.67,0.32,0.56,0,1.45,0,0,654,190,76,131,0,257
2026,6,OH,PSA Airlines Inc.,MAF,"Midland/Odessa, TX: Midland International Air and Space Port",35,15,6.5,1.05,4.24,0,3.2,4,0,1749,1257,34,188,0,270
2026,6,OH,PSA Airlines Inc.,MCI,"Kansas City, MO: Kansas City International",139,37,9.3,1.58,8.09,0,18.03,14,2,2224,598,64,348,0,1214
2026,6,OH,PSA Airlines Inc.,MDT,"Harrisburg, PA: Harrisburg International",60,23,7.71,1.17,4.81,0.93,8.38,2,0,1764,442,173,434,27,688
2026,6,OH,PSA Airlines Inc.,MEM,"Memphis, TN: Memphis International",186,49,15.27,1.13,11.06,0,21.54,10,0,3246,929,62,383,0,1872
2026,6,OH,PSA Airlines Inc.,MGM,"Montgomery, AL: Montgomery Regional",86,22,6.93,1.52,4.36,0,9.19,9,1,1827,590,111,383,0,743
2026,6,OH,PSA Airlines Inc.,MHT,"Manchester, NH: Manchester Boston Regional",176,57,16.74,1.48,11.64,0,27.14,8,0,4448,1376,76,510,0,2486
2026,6,OH,PSA Airlines Inc.,MKE,"Milwaukee, WI: General Mitchell International",146,30,10.81,0.12,5.28,0,13.8,19,0,3000,924,7,250,0,1819
2026,6,OH,PSA Airlines Inc.,MLB,"Melbourne, FL: Melbourne Orlando International",90,14,2.93,1.96,1.23,1,6.88,2,1,1401,302,347,58,141,553
2026,6,OH,PSA Airlines Inc.,MOB,"Mobile, AL: Mobile Regional",60,14,5.83,0.17,0.72,0,7.28,6,0,1246,764,17,35,0,430
2026,6,OH,PSA Airlines Inc.,MSN,"Madison, WI: Dane County Regional-Truax Field",228,58,23.03,3.24,15.81,0,15.91,14,2,4538,1953,751,744,0,1090
2026,6,OH,PSA Airlines Inc.,MSP,"Minneapolis, MN: Minneapolis-St Paul International",138,37,9.08,3.33,5.81,0,18.78,13,1,4853,1232,843,257,0,2521
2026,6,OH,PSA Airlines Inc.,MSY,"New Orleans, LA: Louis Armstrong New Orleans International",96,28,7.99,3.67,3.67,0,12.67,5,1,1789,555,263,113,0,858
2026,6,OH,PSA Airlines Inc.,MYR,"Myrtle Beach, SC: Myrtle Beach International",128,21,6.15,1,3.67,0,10.18,12,0,1461,256,197,151,0,857
2026,6,OH,PSA Airlines Inc.,OKC,"Oklahoma City, OK: Okc Will Rogers International",34,10,1.55,0.6,4.34,0,3.5,1,1,1181,151,346,172,0,512
2026,6,OH,PSA Airlines Inc.,OMA,"Omaha, NE: Eppley Airfield",4,2,0.6,0,1.4,0,0,0,0,110,56,0,54,0,0
2026,6,OH,PSA Airlines Inc.,ORF,"Norfolk, VA: Norfolk International",244,77,23.52,6.31,15.16,0.42,31.59,12,0,5646,1573,802,617,27,2627
2026,6,OH,PSA Airlines Inc.,PHL,"Philadelphia, PA: Philadelphia International",1854,347,100.35,26.38,63.12,1.9,155.26,126,2,35224,13238,3779,4241,78,13888
2026,6,OH,PSA Airlines Inc.,PIA,"Peoria, IL: General Downing - Peoria International",150,40,6.29,7.29,8.5,0,17.93,7,1,3257,344,676,709,0,1528
2026,6,OH,PSA Airlines Inc.,PIT,"Pittsburgh, PA: Pittsburgh International",97,27,9.75,1.34,4.58,0,11.34,9,0,1468,582,146,215,0,525
2026,6,OH,PSA Airlines Inc.,PNS,"Pensacola, FL: Pensacola International",254,79,25.05,4.4,25.53,0,24.02,23,2,5259,1627,593,1038,0,2001
2026,6,OH,PSA Airlines Inc.,PVD,"Providence, RI: Rhode Island Tf Green International",140,37,9.87,1.38,2.83,0,22.93,13,0,2501,580,397,176,0,1348
2026,6,OH,PSA Airlines Inc.,PWM,"Portland, ME: Portland International Jetport",47,11,5.54,0,1.66,0,3.8,5,0,942,500,0,88,0,354
2026,6,OH,PSA Airlines Inc.,RAP,"Rapid City, SD: Rapid City Regional",30,7,3.6,0,2.27,0,1.13,2,3,430,230,0,94,0,106
2026,6,OH,PSA Airlines Inc.,RDU,"Raleigh/Durham, NC: Raleigh-Durham International",154,39,10.22,0.82,7.89,0,20.07,15,1,3091,727,74,572,0,1718
2026,6,OH,PSA Airlines Inc.,RIC,"Richmond, VA: Richmond International",60,9,1.59,1.56,1.31,0.74,3.8,1,0,499,91,66,70,54,218
2026,6,OH,PSA Airlines Inc.,ROA,"Roanoke, VA: Roanoke Blacksburg Regional",45,13,4.42,3,1.47,0,4.11,2,1,1430,923,64,48,0,395
2026,6,OH,PSA Airlines Inc.,ROC,"Rochester, NY: Frederick Douglass Grtr Rochester International",117,26,9.62,0.74,4.56,0,11.08,7,0,1945,759,238,138,0,810
2026,6,OH,PSA Airlines Inc.,SAV,"Savannah, GA: Savannah/Hilton Head International",279,82,29.41,5.51,9.87,0,37.21,15,1,7435,3089,769,762,0,2815
2026,6,OH,PSA Airlines Inc.,SBN,"South Bend, IN: South Bend International",115,33,8.1,2.83,7.62,0,14.45,6,0,2038,501,81,435,0,1021
2026,6,OH,PSA Airlines Inc.,SDF,"Louisville, KY: Louisville Muhammad Ali International",135,33,9.1,4.91,9.12,0,9.87,6,1,1965,677,429,371,0,488
2026,6,OH,PSA Airlines Inc.,SGF,"Springfield, MO: Springfield-Branson National",60,18,7.82,2.14,4.13,0,3.92,2,0,995,498,139,154,0,204
2026,6,OH,PSA Airlines Inc.,SHV,"Shreveport, LA: Shreveport Regional",83,26,5.43,0,10.28,0,10.29,5,0,2347,432,0,937,0,978
2026,6,OH,PSA Airlines Inc.,SRQ,"Sarasota/Bradenton, FL: Sarasota/Bradenton International",35,7,5.57,0,1.01,0,0.42,0,0,390,340,0,25,0,25
2026,6,OH,PSA Airlines Inc.,STL,"St. Louis, MO: St Louis Lambert International",120,28,5.07,1.56,2.86,0,18.51,9,1,2194,474,185,246,0,1289
2026,6,OH,PSA Airlines Inc.,SYR,"Syracuse, NY: Syracuse Hancock International",64,20,6.76,0.04,1.19,0,12.01,6,0,1874,566,6,176,0,1126
2026,6,OH,PSA Airlines Inc.,TLH,"Tallahassee, FL: Tallahassee International",120,34,8.4,2.12,4.08,0,19.4,12,0,3254,757,333,491,0,1673
2026,6,OH,PSA Airlines Inc.,TRI,"Bristol/Johnson City/Kingsport, TN: Tri Cities",30,11,2.05,1.1,0.52,0,7.34,5,0,898,186,153,44,0,515
2026,6,OH,PSA Airlines Inc.,TUL,"Tulsa, OK: Tulsa International",36,10,0.55,1.22,2.95,0,5.28,3,0,541,27,71,113,0,330
2026,6,OH,PSA Airlines Inc.,TVC,"Traverse City, MI: Cherry Capital",96,18,5.45,1.05,4.4,0,7.11,3,0,1015,230,31,196,0,558
2026,6,OH,PSA Airlines Inc.,TYS,"Knoxville, TN: McGhee Tyson",214,66,21.09,6.11,14.96,0,23.84,9,0,7369,1764,862,1187,0,3556
2026,6,OH,PSA Airlines Inc.,VPS,"Valparaiso, FL: Eglin AFB Destin Fort Walton Beach",38,15,3.56,0.1,5.04,0,6.3,3,0,810,250,12,197,0,351
2026,6,OH,PSA Airlines Inc.,VRB,"Vero Beach, FL: Vero Beach Regional",30,5,2.38,0,1.63,0,1,0,0,262,152,0,57,0,53
2026,6,OH,PSA Airlines Inc.,XNA,"Fayetteville, AR: Northwest Arkansas National",140,29,8.43,2.14,12.5,0,5.93,6,0,1536,374,135,598,0,429
2026,6,OO,SkyWest Airlines Inc.,ABE,"Allentown/Bethlehem/Easton, PA: Lehigh Valley International",27,2,1,0,0,0,1,1,0,80,49,0,0,0,31
2026,6,OO,SkyWest Airlines Inc.,ABI,"Abilene, TX: Abilene Regional",90,8,4.85,0.78,2.37,0,0,0,0,363,187,108,68,0,0
2026,6,OO,SkyWest Airlines Inc.,ABQ,"Albuquerque, NM: Albuquerque International Sunport",400,45,21.99,5.34,7.01,0,10.65,0,0,2652,802,647,318,0,885
2026,6,OO,SkyWest Airlines Inc.,ABR,"Aberdeen, SD: Aberdeen Regional",60,4,2.74,0,1.26,0,0,0,0,347,248,0,99,0,0
2026,6,OO,SkyWest Airlines Inc.,ACK,"Nantucket, MA: Nantucket Memorial",6,1,1,0,0,0,0,0,0,61,61,0,0,0,0
2026,6,OO,SkyWest Airlines Inc.,ACT,"Waco, TX: Waco Regional",30,5,2,1.96,0.04,0,1,2,0,251,100,127,4,0,20
2026,6,OO,SkyWest Airlines Inc.,ACV,"Arcata/Eureka, CA: California Redwood Coast Humboldt County",225,68,20.03,5.88,24.14,0,17.95,17,9,5985,565,1500,1834,0,2086
2026,6,OO,SkyWest Airlines Inc.,AEX,"Alexandria, LA: Alexandria International",90,17,5.87,2,2.27,0,6.87,2,0,1425,681,84,225,0,435
2026,6,OO,SkyWest Airlines Inc.,ALB,"Albany, NY: Albany International",100,27,16.56,1,3.03,0,6.41,5,0,2254,1010,35,173,0,1036
2026,6,OO,SkyWest Airlines Inc.,ALO,"Waterloo, IA: Waterloo Regional",47,14,3.69,2.98,1.44,0,5.89,6,0,2395,462,561,209,0,1163
2026,6,OO,SkyWest Airlines Inc.,AMA,"Amarillo, TX: Rick Husband Amarillo International",86,19,4.07,6.34,5.71,0,2.88,1,0,1507,239,477,443,0,348
2026,6,OO,SkyWest Airlines Inc.,APN,"Alpena, MI: Alpena County Regional",51,4,4,0,0,0,0,0,1,209,209,0,0,0,0
2026,6,OO,SkyWest Airlines Inc.,ASE,"Aspen, CO: Aspen Pitkin County Sardy Field",627,198,92.26,26.03,42.5,0,37.2,22,35,21215,7381,4942,2964,0,5928
2026,6,OO,SkyWest Airlines Inc.,ATL,"Atlanta, GA: Hartsfield-Jackson Atlanta International",490,82,46.29,23.77,11.62,0.32,0,9,2,8719,6050,1823,826,20,0
2026,6,OO,SkyWest Airlines Inc.,ATW,"Appleton, WI: Appleton International",198,35,23.67,4,4.58,0,2.75,5,1,2342,1434,495,320,0,93
2026,6,OO,SkyWest Airlines Inc.,ATY,"Watertown, SD: Watertown Regional",60,6,2.44,1.81,0.75,0,1,0,0,319,120,146,30,0,23
2026,6,OO,SkyWest Airlines Inc.,AUS,"Austin, TX: Austin - Bergstrom International",834,162,99.04,27.75,22.54,0,12.67,6,0,11350,7754,1657,1251,0,688
2026,6,OO,SkyWest Airlines Inc.,AVL,"Asheville, NC: Asheville Regional",61,16,5.92,2.21,4.4,0,3.46,1,0,1807,205,1058,227,0,317
2026,6,OO,SkyWest Airlines Inc.,AZO,"Kalamazoo, MI: Kalamazoo/Battle Creek International",174,40,15.31,5.45,4.79,0,14.45,4,0,3395,1058,581,276,0,1480
2026,6,OO,SkyWest Airlines Inc.,BDL,"Hartford, CT: Bradley International",30,5,4,1,0,0,0,0,0,534,136,398,0,0,0
2026,6,OO,SkyWest Airlines Inc.,BFF,"Scottsbluff, NE: Scottsbluff W Neb Regional Wm B Heilig Field",51,14,7.93,1,1.64,0,3.43,0,1,786,413,84,176,0,113
2026,6,OO,SkyWest Airlines Inc.,BFL,"Bakersfield, CA: Meadows Field",125,51,12.96,2,22.47,0,13.57,0,0,3783,719,64,1157,0,1843
2026,6,OO,SkyWest Airlines Inc.,BGM,"Binghamton, NY: Greater Binghamton/Edwin A. Link Field",30,3,2,1,0,0,0,0,0,149,123,26,0,0,0
2026,6,OO,SkyWest Airlines Inc.,BGR,"Bangor, ME: Bangor International",59,20,8.07,0,5.2,0,6.73,2,1,1497,344,0,545,0,608
2026,6,OO,SkyWest Airlines Inc.,BHM,"Birmingham, AL: Birmingham-Shuttlesworth International",86,20,10.92,1,1.47,0,6.61,1,1,1813,997,17,140,0,659
2026,6,OO,SkyWest Airlines Inc.,BIH,"Bishop, CA: Bishop Airport",19,10,2,0,6.16,0,1.84,1,0,606,124,0,405,0,77
2026,6,OO,SkyWest Airlines Inc.,BIL,"Billings, MT: Billings Logan International",176,21,12.74,2.91,1.45,0,3.9,0,0,759,409,208,36,0,106
2026,6,OO,SkyWest Airlines Inc.,BIS,"Bismarck/Mandan, ND: Bismarck Municipal",194,34,14.03,7.55,5.44,0,6.97,2,0,3209,829,688,509,0,1183
2026,6,OO,SkyWest Airlines Inc.,BJI,"Bemidji, MN: Bemidji Regional",60,7,5.73,0.1,1.17,0,0,1,0,1003,932,2,69,0,0
2026,6,OO,SkyWest Airlines Inc.,BLI,"Bellingham, WA: Bellingham International",120,20,4,2,3.22,0,10.78,1,0,860,207,49,148,0,456
2026,6,OO,SkyWest Airlines Inc.,BNA,"Nashville, TN: Nashville International",258,102,50.3,11.92,19.62,0,20.16,8,1,8715,3955,1062,1795,0,1903
2026,6,OO,SkyWest Airlines Inc.,BOI,"Boise, ID: Boise Air Terminal",762,147,64.61,9.96,37.79,0,34.63,2,0,10302,3770,327,2077,0,4128
2026,6,OO,SkyWest Airlines Inc.,BPT,"Beaumont/Port Arthur, TX: Jack Brooks Regional",60,9,3.58,2,3.43,0,0,3,0,1594,773,360,461,0,0
2026,6,OO,SkyWest Airlines Inc.,BRD,"Brainerd, MN: Brainerd Lakes Regional",51,5,2.88,1.98,0.14,0,0,0,0,1172,1005,155,12,0,0
2026,6,OO,SkyWest Airlines Inc.,BTM,"Butte, MT: Bert Mooney",60,17,7.07,0,2.41,0,7.52,0,0,1707,458,0,155,0,1094
2026,6,OO,SkyWest Airlines Inc.,BTR,"Baton Rouge, LA: Baton Rouge Metropolitan/Ryan Field",30,5,2,0.86,1.18,0,0.97,5,0,205,87,18,71,0,29
2026,6,OO,SkyWest Airlines Inc.,BTV,"Burlington, VT: Patrick Leahy Burlington International",83,25,11.72,0.31,4.19,0,8.77,9,0,2379,990,43,824,0,522
2026,6,OO,SkyWest Airlines Inc.,BUF,"Buffalo, NY: Buffalo Niagara International",156,23,15.98,3.71,2.44,0,0.87,2,0,1966,1435,274,144,0,113
2026,6,OO,SkyWest Airlines Inc.,BUR,"Burbank, CA: Bob Hope",272,21,5.93,0.53,6.13,0,8.41,0,0,1196,412,10,200,0,574
2026,6,OO,SkyWest Airlines Inc.,BZN,"Bozeman, MT: Bozeman Yellowstone International",203,35,19.82,5.79,5.88,0,3.52,0,1,1589,1052,176,176,0,185
2026,6,OO,SkyWest Airlines Inc.,CAK,"Akron, OH: Akron-Canton Regional",120,24,9.04,3.18,5.82,0,5.95,5,0,1380,562,175,286,0,357
2026,6,OO,SkyWest Airlines Inc.,CDC,"Cedar City, UT: Cedar City Regional",51,3,2,1,0,0,0,0,0,404,196,208,0,0,0
2026,6,OO,SkyWest Airlines Inc.,CHA,"Chattanooga, TN: Lovell Field",86,25,10.21,5.83,5.29,0,3.66,1,0,1924,891,470,248,0,315
2026,6,OO,SkyWest Airlines Inc.,CHO,"Charlottesville, VA: Charlottesville Albemarle",87,18,7.29,0,6.15,0,4.56,1,0,1652,660,0,432,0,560
2026,6,OO,SkyWest Airlines Inc.,CHS,"Charleston, SC: Charleston AFB/International",22,6,3.61,0,0.45,0,1.93,1,0,506,128,0,31,0,347
2026,6,OO,SkyWest Airlines Inc.,CID,"Cedar Rapids/Iowa City, IA: The Eastern Iowa",100,24,9.06,1.96,3.26,0,9.72,1,0,1876,1095,57,165,0,559
2026,6,OO,SkyWest Airlines Inc.,CIU,"Sault Ste. Marie, MI: Chippewa County International",73,13,8.89,1.39,2.2,0,0.53,0,0,463,345,52,58,0,8
2026,6,OO,SkyWest Airlines Inc.,CKB,"Clarksburg/Fairmont, WV: North Central West Virginia",60,19,11.26,0,4.1,0,3.64,1,1,1519,842,0,385,0,292
2026,6,OO,SkyWest Airlines Inc.,CLD,"Carlsbad, CA: McClellan-Palomar",120,48,23.65,1.83,10.32,0,12.2,0,0,2915,1448,243,431,0,793
2026,6,OO,SkyWest Airlines Inc.,CLE,"Cleveland, OH: Cleveland-Hopkins International",227,56,28.99,4.73,9.13,0,13.15,6,1,5889,2972,1201,567,0,1149
2026,6,OO,SkyWest Airlines Inc.,CLT,"Charlotte, NC: Charlotte Douglas International",217,39,15.97,0.93,3.39,0,18.71,6,1,6618,3320,151,175,0,2972
2026,6,OO,SkyWest Airlines Inc.,CMH,"Columbus, OH: John Glenn Columbus International",150,30,19.59,1.95,1.64,0,6.82,0,1,2133,1494,66,97,0,476
2026,6,OO,SkyWest Airlines Inc.,CMX,"Hancock/Houghton, MI: Houghton County Memorial",64,14,6.59,2.61,0.8,0,4,4,1,1917,391,1192,119,0,215
2026,6,OO,SkyWest Airlines Inc.,COD,"Cody, WY: Yellowstone Regional",103,25,8.62,4.33,4.72,0,7.33,0,2,1624,480,420,167,0,557
2026,6,OO,SkyWest Airlines Inc.,COS,"Colorado Springs, CO: City of Colorado Springs Municipal",555,150,67.42,17.46,30.55,0,34.57,7,1,9360,4020,930,1742,0,2668
2026,6,OO,SkyWest Airlines Inc.,COU,"Columbia, MO: Columbia Regional",114,25,12.8,1.63,5.17,0,5.41,2,1,2721,623,93,675,0,1330
2026,6,OO,SkyWest Airlines Inc.,CPR,"Casper, WY: Casper/Natrona County International",236,89,37.31,6.41,17.06,0,28.21,0,0,6874,2690,621,983,0,2580
2026,6,OO,SkyWest Airlines Inc.,CRP,"Corpus Christi, TX: Corpus Christi International",30,6,3,2.82,0.18,0,0,1,0,314,116,182,16,0,0
2026,6,OO,SkyWest Airlines Inc.,CRW,"Charleston/Dunbar, WV: West Virginia International Yeager",87,31,13.33,2.98,7.07,0,7.62,3,0,1837,541,350,487,0,459
2026,6,OO,SkyWest Airlines Inc.,CVG,"Cincinnati, OH: Cincinnati/Northern Kentucky International",44,18,7.51,1,2.78,0,6.71,3,0,2755,1987,35,320,0,413
2026,6,OO,SkyWest Airlines Inc.,CYS,"Cheyenne, WY: Cheyenne Regional/Jerry Olson Field",60,16,7.09,0.89,5.42,0,2.6,0,0,1550,464,71,910,0,105
2026,6,OO,SkyWest Airlines Inc.,DAY,"Dayton, OH: James M Cox/Dayton International",74,24,10.7,2,1.63,0,9.67,2,0,1986,749,297,92,0,848
2026,6,OO,SkyWest Airlines Inc.,DCA,"Washington, DC: Ronald Reagan Washington National",21,10,2,0.93,3.13,0,3.94,1,0,1379,153,240,502,0,484
2026,6,OO,SkyWest Airlines Inc.,DDC,"Dodge City, KS: Dodge City Regional",51,11,2.82,2.71,0.95,0,4.52,0,4,774,84,290,64,0,336
2026,6,OO,SkyWest Airlines Inc.,DEC,"Decatur, IL: Decatur Airport",51,12,6.66,0,1.34,0,4,2,0,837,606,0,111,0,120
2026,6,OO,SkyWest Airlines Inc.,DEN,"Denver, CO: Denver International",6393,1431,582.21,146.18,317.06,5.24,380.32,19,33,126243,47704,18200,22853,217,37269
2026,6,OO,SkyWest Airlines Inc.,DFW,"Dallas/Fort Worth, TX: Dallas/Fort Worth International",1965,463,167.85,90.32,62.51,2,140.31,102,17,53443,21602,11062,6817,100,13862
2026,6,OO,SkyWest Airlines Inc.,DIK,"Dickinson, ND: Dickinson - Theodore Roosevelt Regional",51,13,2.6,2.85,2.64,0,4.91,0,0,1177,179,228,190,0,580
2026,6,OO,SkyWest Airlines Inc.,DLH,"Duluth, MN: Duluth International",214,45,29.67,8.62,3.76,0,2.95,5,0,3569,2052,1024,342,0,151
2026,6,OO,SkyWest Airlines Inc.,DRO,"Durango, CO: Durango La Plata County",359,79,23.52,12.6,15.07,0,27.81,6,1,5573,1342,953,890,0,2388
2026,6,OO,SkyWest Airlines Inc.,DSM,"Des Moines, IA: Des Moines International",210,62,17.89,5.25,19.42,0,19.44,7,2,4613,1171,392,1206,0,1844
2026,6,OO,SkyWest Airlines Inc.,DTW,"Detroit, MI: Detroit Metro Wayne County",2318,369,237.37,83.25,31.43,0,16.96,20,2,36749,24132,8073,2959,0,1585
2026,6,OO,SkyWest Airlines Inc.,DVL,"Devils Lake, ND: Devils Lake Regional",51,7,5.11,1,0.89,0,0,0,1,283,199,67,17,0,0
2026,6,OO,SkyWest Airlines Inc.,EAR,"Kearney, NE: Kearney Regional",81,21,9.64,0.07,7.58,0,3.71,0,0,1669,486,1,377,0,805
2026,6,OO,SkyWest Airlines Inc.,EAU,"Eau Claire, WI: Chippewa Valley Regional",51,12,7.53,0,4.47,0,0,4,1,761,434,0,327,0,0
2026,6,OO,SkyWest Airlines Inc.,ECP,"Panama City, FL: Northwest Florida Beaches International",58,18,7.85,2.43,4.39,0,3.33,1,0,1372,433,203,319,0,417
2026,6,OO,SkyWest Airlines Inc.,EKO,"Elko, NV: Elko Regional",47,8,7,1,0,0,0,0,0,1463,1357,106,0,0,0
2026,6,OO,SkyWest Airlines Inc.,ELM,"Elmira/Corning, NY: Elmira/Corning Regional",90,13,9.71,2.54,0.75,0,0,0,0,803,612,125,66,0,0
2026,6,OO,SkyWest Airlines Inc.,ELP,"El Paso, TX: El Paso International",167,43,16.15,1.73,6.72,0,18.4,2,3,4198,2577,114,390,0,1117
2026,6,OO,SkyWest Airlines Inc.,ERI,"Erie, PA: Erie International/Tom Ridge Field",27,13,4.78,3.64,0.59,1,2.99,0,0,2830,1723,324,55,23,705
2026,6,OO,SkyWest Airlines Inc.,ESC,"Escanaba, MI: Delta County",51,10,8.61,0.92,0.46,0,0,0,0,1725,1579,110,36,0,0
2026,6,OO,SkyWest Airlines Inc.,EUG,"Eugene, OR: Mahlon Sweet Field",424,70,33.55,2,16.12,0,18.33,0,0,4151,2363,140,687,0,961
2026,6,OO,SkyWest Airlines Inc.,EVV,"Evansville, IN: Evansville Regional",26,5,1.98,0,0.57,0,2.45,2,0,287,84,0,16,0,187
2026,6,OO,SkyWest Airlines Inc.,FAR,"Fargo, ND: Hector International",222,55,34.94,2.29,10.66,0,7.11,3,1,3464,2311,150,480,0,523
2026,6,OO,SkyWest Airlines Inc.,FAT,"Fresno, CA: Fresno Yosemite International",524,112,36.1,2.93,30.78,0,42.19,1,0,8150,1829,262,1419,0,4640
2026,6,OO,SkyWest Airlines Inc.,FAY,"Fayetteville, NC: Fayetteville Regional/Grannis Field",24,6,5,0,1,0,0,2,1,313,242,0,71,0,0
2026,6,OO,SkyWest Airlines Inc.,FCA,"Kalispell, MT: Glacier Park International",161,26,7.78,1,11.77,0,5.44,0,0,1408,394,28,499,0,487
2026,6,OO,SkyWest Airlines Inc.,FLG,"Flagstaff, AZ: Flagstaff Pulliam",90,17,5.39,3,3.59,0,5.01,6,0,1627,354,281,794,0,198
2026,6,OO,SkyWest Airlines Inc.,FMN,"Farmington, NM: Four Corners Regional",30,8,0,0.6,3.89,0,3.51,0,0,406,0,15,159,0,232
2026,6,OO,SkyWest Airlines Inc.,FNT,"Flint, MI: Bishop International",120,38,19.05,1.84,8.99,0,8.12,9,0,4094,2065,274,471,0,1284
2026,6,OO,SkyWest Airlines Inc.,FOD,"Fort Dodge, IA: Fort Dodge Regional",52,18,9.58,1,4.44,0,2.98,0,0,1230,412,24,468,0,326
2026,6,OO,SkyWest Airlines Inc.,FSD,"Sioux Falls, SD: Joe Foss Field",429,111,49.2,14.6,14.85,0.43,31.92,6,0,9847,4277,1685,1011,9,2865
2026,6,OO,SkyWest Airlines Inc.,FWA,"Fort Wayne, IN: Fort Wayne International",360,92,48.32,9.59,16.08,0,18.01,16,1,6819,3281,696,1281,0,1561
2026,6,OO,SkyWest Airlines Inc.,GCC,"Gillette, WY: Northeast Wyoming Regional",88,25,12.92,1,7.05,0,4.03,0,0,1466,759,166,372,0,169
2026,6,OO,SkyWest Airlines Inc.,GEG,"Spokane, WA: Spokane International",544,87,26.84,6.24,32.33,0,21.59,0,1,4713,1284,235,1683,0,1511
2026,6,OO,SkyWest Airlines Inc.,GFK,"Grand Forks, ND: Grand Forks International",111,11,8.29,1.48,1.23,0,0,0,0,679,500,96,83,0,0
2026,6,OO,SkyWest Airlines Inc.,GJT,"Grand Junction, CO: Grand Junction Regional",377,83,29.96,13.82,11.22,0.85,27.16,4,0,6246,2034,938,527,50,2697
2026,6,OO,SkyWest Airlines Inc.,GRB,"Green Bay, WI: Green Bay Austin Straubel International",246,48,28.44,4.64,7.59,0,7.33,3,0,3734,1563,970,438,0,763
2026,6,OO,SkyWest Airlines Inc.,GRI,"Grand Island, NE: Central Nebraska Regional",55,20,5.69,2,2.73,0,9.58,3,4,2840,931,212,347,0,1350
2026,6,OO,SkyWest Airlines Inc.,GRK,"Killeen, TX: Robert Gray AAF",9,4,2,0,0.03,0,1.97,1,0,745,321,0,11,0,413
2026,6,OO,SkyWest Airlines Inc.,GRR,"Grand Rapids, MI: Gerald R. Ford International",179,26,18.77,4.62,0.61,0,2,0,0,1977,1538,157,19,0,263
2026,6,OO,SkyWest Airlines Inc.,GSP,"Greer, SC: Greenville-Spartanburg International",67,16,6.62,1.99,1.79,0,5.59,0,0,2915,1115,972,172,0,656
2026,6,OO,SkyWest Airlines Inc.,GTF,"Great Falls, MT: Great Falls International",94,3,2.23,0,0.77,0,0,0,0,111,91,0,20,0,0
2026,6,OO,SkyWest Airlines Inc.,GTR,"Columbus, MS: Golden Triangle Regional",30,8,3.25,0,1.75,0,3,2,0,639,148,0,342,0,149
2026,6,OO,SkyWest Airlines Inc.,GUC,"Gunnison, CO: Gunnison-Crested Butte Regional",90,23,12.41,3.96,2.63,0,4,0,0,1990,523,1068,81,0,318
2026,6,OO,SkyWest Airlines Inc.,HDN,"Hayden, CO: Yampa Valley",38,11,6.47,1,2.29,0,1.24,0,0,1476,265,1011,83,0,117
2026,6,OO,SkyWest Airlines Inc.,HIB,"Hibbing, MN: Range Regional",51,3,0.98,0.89,1.13,0,0,0,0,366,261,49,56,0,0
2026,6,OO,SkyWest Airlines Inc.,HLN,"Helena, MT: Helena Regional",120,26,13.28,3,4.82,0,4.9,0,0,1680,827,219,315,0,319
2026,6,OO,SkyWest Airlines Inc.,HOB,"Hobbs, NM: Lea County Regional",30,10,3.52,2.94,0.99,0,2.55,0,0,1044,186,418,98,0,342
2026,6,OO,SkyWest Airlines Inc.,HOU,"Houston, TX: William P Hobby",81,21,6.66,3.67,5.36,0,5.31,4,2,1520,302,315,549,0,354
2026,6,OO,SkyWest Airlines Inc.,HPN,"White Plains, NY: Westchester County",3,0,0,0,0,0,0,0,0,0,0,0,0,0,0
2026,6,OO,SkyWest Airlines Inc.,HRL,"Harlingen/San Benito, TX: Valley International",1,0,0,0,0,0,0,0,0,0,0,0,0,0,0
2026,6,OO,SkyWest Airlines Inc.,HSV,"Huntsville, AL: Huntsville International-Carl T Jones Field",119,30,9,4.67,6.86,0,9.46,1,0,1864,347,559,346,0,612
2026,6,OO,SkyWest Airlines Inc.,HYS,"Hays, KS: Hays Regional",51,19,8.11,0.51,4.52,0,5.87,1,1,2321,553,46,246,0,1476
2026,6,OO,SkyWest Airlines Inc.,IAD,"Washington, DC: Washington Dulles International",239,57,33.47,10.88,4.77,0,7.87,0,0,6687,2980,2095,352,0,1260
2026,6,OO,SkyWest Airlines Inc.,IAH,"Houston, TX: George Bush Intercontinental/Houston",1275,370,144.05,45.06,77.14,0,103.74,8,12,34757,10568,5194,6486,0,12509
2026,6,OO,SkyWest Airlines Inc.,ICT,"Wichita, KS: Wichita Dwight D Eisenhower National",349,85,47.42,4.95,17.09,0,15.54,0,2,5634,2910,453,1025,0,1246
2026,6,OO,SkyWest Airlines Inc.,IDA,"Idaho Falls, ID: Idaho Falls Regional",393,72,27.63,4.76,18.62,0,20.99,1,0,4444,1391,749,984,0,1320
2026,6,OO,SkyWest Airlines Inc.,ILM,"Wilmington, NC: Wilmington International",37,5,3,0,0.24,0,1.76,0,0,205,159,0,7,0,39
2026,6,OO,SkyWest Airlines Inc.,IMT,"Iron Mountain/Kingsfd, MI: Ford",60,12,10.95,1,0.05,0,0,0,1,1133,1078,53,2,0,0
2026,6,OO,SkyWest Airlines Inc.,IND,"Indianapolis, IN: Indianapolis International",166,29,14.59,3.18,6.38,0,4.85,2,0,2638,1754,188,432,0,264
2026,6,OO,SkyWest Airlines Inc.,INL,"International Falls, MN: Falls International Einarson Field",62,8,6.81,1,0.19,0,0,0,0,801,754,16,31,0,0
2026,6,OO,SkyWest Airlines Inc.,JAC,"Jackson, WY: Jackson Hole",223,29,17.05,2.77,5.22,0,3.96,0,2,1290,668,83,175,0,364
2026,6,OO,SkyWest Airlines Inc.,JAX,"Jacksonville, FL: Jacksonville International",107,27,14.12,2.16,6.44,0,4.28,1,2,1876,857,276,352,0,391
2026,6,OO,SkyWest Airlines Inc.,JLN,"Joplin, MO: Joplin Regional",51,15,7.27,2.56,2.94,0,2.23,0,1,796,321,222,192,0,61
2026,6,OO,SkyWest Airlines Inc.,JMS,"Jamestown, ND: Jamestown Regional",51,6,2.98,2,0.02,0,1,0,0,274,90,107,1,0,76
2026,6,OO,SkyWest Airlines Inc.,JST,"Johnstown, PA: John Murtha Johnstown-Cambria County",51,12,3.34,2,1.95,0,4.71,3,1,2932,1276,878,85,0,693
2026,6,OO,SkyWest Airlines Inc.,LAF,"Lafayette, IN: Purdue University",43,9,5.95,1,2.05,0,0,2,1,1083,194,270,619,0,0
2026,6,OO,SkyWest Airlines Inc.,LAN,"Lansing, MI: Capital Region International",55,9,6,2.16,0.84,0,0,0,0,1032,739,257,36,0,0
2026,6,OO,SkyWest Airlines Inc.,LAR,"Laramie, WY: Laramie Regional",51,19,5.99,3.55,2.12,0,7.33,0,3,2847,1643,262,230,0,712
2026,6,OO,SkyWest Airlines Inc.,LAS,"Las Vegas, NV: Harry Reid International",186,24,10.34,0.54,8.12,0,5,1,0,2850,2166,18,385,0,281
2026,6,OO,SkyWest Airlines Inc.,LAX,"Los Angeles, CA: Los Angeles International",3462,456,200.7,45.08,103.75,0,106.48,15,3,34591,15049,4370,5893,0,9279
2026,6,OO,SkyWest Airlines Inc.,LBB,"Lubbock, TX: Lubbock Preston Smith International",169,46,19.06,5.68,7.73,0,13.52,8,1,3338,1111,381,455,0,1391
2026,6,OO,SkyWest Airlines Inc.,LBF,"North Platte, NE: North Platte Regional Airport Lee Bird Field",51,17,3.99,2.96,4.59,0,5.45,0,1,1318,205,444,286,0,383
2026,6,OO,SkyWest Airlines Inc.,LBL,"Liberal, KS: Liberal Mid-America Regional",51,8,2.82,1.93,1.24,0,2,0,0,504,107,186,77,0,134
2026,6,OO,SkyWest Airlines Inc.,LEX,"Lexington, KY: Blue Grass",145,45,16.12,6.42,5.18,0,17.28,6,0,6108,2545,930,630,0,2003
2026,6,OO,SkyWest Airlines Inc.,LGB,"Long Beach, CA: Long Beach Airport",30,0,0,0,0,0,0,0,0,0,0,0,0,0,0
2026,6,OO,SkyWest Airlines Inc.,LIT,"Little Rock, AR: Bill and Hillary Clinton Nat Adams Field",233,53,20.49,3.73,10.91,0,17.86,1,0,4820,1102,409,1267,0,2042
2026,6,OO,SkyWest Airlines Inc.,LNK,"Lincoln, NE: Lincoln Airport",346,99,45.79,10.58,25.05,0,17.58,9,3,6343,2026,924,1365,0,2028
2026,6,OO,SkyWest Airlines Inc.,LNS,"Lancaster, PA: Lancaster Airport",48,15,8.76,0,2.87,0,3.38,4,2,1031,720,0,107,0,204
2026,6,OO,SkyWest Airlines Inc.,LWB,"Lewisburg, WV: Greenbrier Valley",60,20,9.84,1.94,1.61,0,6.61,3,1,4553,2206,1186,523,0,638
2026,6,OO,SkyWest Airlines Inc.,LWS,"Lewiston, ID: Lewiston Nez Perce County",60,3,2.99,0,0.01,0,0,0,0,202,200,0,2,0,0
2026,6,OO,SkyWest Airlines Inc.,LYH,"Lynchburg, VA: Lynchburg Regional/Preston Glenn Field",60,16,9.74,1.5,2.91,0,1.85,0,1,1920,942,501,347,0,130
2026,6,OO,SkyWest Airlines Inc.,MAF,"Midland/Odessa, TX: Midland International Air and Space Port",215,51,23.91,4.37,6.15,0,16.58,1,0,5141,3114,241,295,0,1491
2026,6,OO,SkyWest Airlines Inc.,MBS,"Saginaw/Bay City/Midland, MI: MBS International",167,37,23.97,6,4.81,0,2.22,2,0,2087,1281,402,256,0,148
2026,6,OO,SkyWest Airlines Inc.,MCI,"Kansas City, MO: Kansas City International",309,72,30.21,2.41,13.37,0,26.01,8,0,6611,2219,1106,1147,0,2139
2026,6,OO,SkyWest Airlines Inc.,MCW,"Mason City, IA: Mason City Municipal",51,14,8.21,0.89,0.9,0,4,3,0,911,441,187,52,0,231
2026,6,OO,SkyWest Airlines Inc.,MDT,"Harrisburg, PA: Harrisburg International",60,15,10.91,1.66,0.98,0,1.45,2,0,1593,1220,120,67,0,186
2026,6,OO,SkyWest Airlines Inc.,MEI,"Meridian, MS: Key Field",51,19,12,1,1.08,0,4.92,1,0,1391,684,106,96,0,505
2026,6,OO,SkyWest Airlines Inc.,MEM,"Memphis, TN: Memphis International",310,76,39.74,13.52,11.93,0,10.81,3,0,6576,3481,1346,745,0,1004
2026,6,OO,SkyWest Airlines Inc.,MFE,"Mission/McAllen/Edinburg, TX: McAllen International",111,28,17.19,6.25,3.62,0,0.94,0,0,2075,1487,243,312,0,33
2026,6,OO,SkyWest Airlines Inc.,MFR,"Medford, OR: Rogue Valley International - Medford",375,62,23.43,5.78,14.38,0,18.41,0,0,3317,1221,242,992,0,862
2026,6,OO,SkyWest Airlines Inc.,MGM,"Montgomery, AL: Montgomery Regional",60,17,9.71,2.3,3.12,0,1.87,0,1,1117,634,106,128,0,249
2026,6,OO,SkyWest Airlines Inc.,MGW,"Morgantown, WV: Morgantown Municipal Walter L Bill Hart Field",51,20,8.34,1,1.43,0,9.23,0,1,1966,325,912,62,0,667
2026,6,OO,SkyWest Airlines Inc.,MKE,"Milwaukee, WI: General Mitchell International",714,210,102.41,28.12,32.39,0,47.08,18,3,20080,9237,2941,2417,0,5485
2026,6,OO,SkyWest Airlines Inc.,MLI,"Moline, IL: Quad Cities International",109,26,12.51,3.26,7.18,0,3.04,7,0,2201,694,491,695,0,321
2026,6,OO,SkyWest Airlines Inc.,MLU,"Monroe, LA: Monroe Regional",30,7,1.86,1,1.14,0,3,3,0,243,75,60,22,0,86
2026,6,OO,SkyWest Airlines Inc.,MOT,"Minot, ND: Minot International",235,59,37.55,8.72,6.72,0,6,1,3,4217,2600,638,520,0,459
2026,6,OO,SkyWest Airlines Inc.,MQT,"Marquette, MI: Marquette Sawyer Regional",51,14,9.72,2.65,1.63,0,0,1,1,2419,1537,740,142,0,0
2026,6,OO,SkyWest Airlines Inc.,MRY,"Monterey, CA: Monterey Regional",246,66,16.37,1,28.26,0,20.37,2,2,3207,785,37,1188,0,1197
2026,6,OO,SkyWest Airlines Inc.,MSN,"Madison, WI: Dane County Regional-Truax Field",236,43,20.01,5.44,7.72,0,9.83,1,0,2332,1054,486,318,0,474
2026,6,OO,SkyWest Airlines Inc.,MSO,"Missoula, MT: Missoula Montana",220,38,8.96,2,16.22,0,10.82,0,2,1520,387,104,507,0,522
2026,6,OO,SkyWest Airlines Inc.,MSP,"Minneapolis, MN: Minneapolis-St Paul International",2512,371,247.19,71.78,46.04,0,5.99,13,6,33294,24612,4983,3064,0,635
2026,6,OO,SkyWest Airlines Inc.,MSY,"New Orleans, LA: Louis Armstrong New Orleans International",81,19,9.26,5.19,4.55,0,0,2,1,1270,304,555,411,0,0
2026,6,OO,SkyWest Airlines Inc.,MTJ,"Montrose/Delta, CO: Montrose Regional",55,9,6.38,1,0.62,0,1,0,0,394,328,18,17,0,31
2026,6,OO,SkyWest Airlines Inc.,MYR,"Myrtle Beach, SC: Myrtle Beach International",25,8,6.48,0,0.52,0,1,0,0,252,209,0,15,0,28
2026,6,OO,SkyWest Airlines Inc.,OAJ,"Jacksonville/Camp Lejeune, NC: Albert J Ellis",92,15,10.95,2.56,1.49,0,0,2,0,1387,1133,115,139,0,0
2026,6,OO,SkyWest Airlines Inc.,OAK,"Oakland, CA: Oakland International",188,20,7.31,1.96,3.57,0,7.16,2,0,944,302,122,87,0,433
2026,6,OO,SkyWest Airlines Inc.,OKC,"Oklahoma City, OK: Okc Will Rogers International",671,136,55.67,16.97,22.84,0,40.52,10,2,9651,3220,1750,1664,0,3017
2026,6,OO,SkyWest Airlines Inc.,OMA,"Omaha, NE: Eppley Airfield",483,93,50.59,16.03,14.92,0,11.46,0,0,6513,3983,933,858,0,739
2026,6,OO,SkyWest Airlines Inc.,ONT,"Ontario, CA: Ontario International",173,22,12,3,4.49,0,2.51,0,0,685,301,57,173,0,154
2026,6,OO,SkyWest Airlines Inc.,ORD,"Chicago, IL: Chicago O'Hare International",7062,1832,753.67,164,390.68,3.26,520.39,317,42,185675,65670,29111,39639,116,51139
2026,6,OO,SkyWest Airlines Inc.,ORF,"Norfolk, VA: Norfolk International",53,9,3,0,1.19,0,4.81,2,0,325,56,0,42,0,227
2026,6,OO,SkyWest Airlines Inc.,OTH,"North Bend/Coos Bay, OR: Southwest Oregon Regional",60,30,12.64,0,15.57,0,1.79,0,1,1299,480,0,757,0,62
2026,6,OO,SkyWest Airlines Inc.,PAH,"Paducah, KY: Barkley Regional",60,18,5.42,3.69,2.06,0,6.82,0,0,1327,247,287,128,0,665
2026,6,OO,SkyWest Airlines Inc.,PDX,"Portland, OR: Portland International",1007,144,66.4,4.89,26.53,0,46.18,0,0,8720,4164,345,1218,0,2993
2026,6,OO,SkyWest Airlines Inc.,PHX,"Phoenix, AZ: Phoenix Sky Harbor International",2040,380,142.39,32.41,49.49,1,154.71,10,0,33173,13812,3367,2189,32,13773
2026,6,OO,SkyWest Airlines Inc.,PIA,"Peoria, IL: General Downing - Peoria International",126,34,19.48,4.44,2.72,0,7.36,3,0,3003,984,1336,175,0,508
2026,6,OO,SkyWest Airlines Inc.,PIB,"Hattiesburg/Laurel, MS: Hattiesburg-Laurel Regional",51,18,9.33,4.09,2.8,0,1.78,0,0,1539,460,530,131,0,418
2026,6,OO,SkyWest Airlines Inc.,PIH,"Pocatello, ID: Pocatello Regional",60,3,2,1,0,0,0,0,0,212,181,31,0,0,0
2026,6,OO,SkyWest Airlines Inc.,PIR,"Pierre, SD: Pierre Regional",51,15,8.47,2.55,1.07,0,2.91,0,0,1004,483,223,83,0,215
2026,6,OO,SkyWest Airlines Inc.,PIT,"Pittsburgh, PA: Pittsburgh International",61,13,8.74,0,4.26,0,0,0,0,613,420,0,193,0,0
2026,6,OO,SkyWest Airlines Inc.,PLN,"Pellston, MI: Pellston Regional Emmet County",102,26,11.4,5.05,3.37,0,6.18,5,1,2452,593,1283,179,0,397
2026,6,OO,SkyWest Airlines Inc.,PNS,"Pensacola, FL: Pensacola International",36,17,5.73,2.55,1.87,0,6.85,0,1,1850,760,393,77,0,620
2026,6,OO,SkyWest Airlines Inc.,PRC,"Prescott, AZ: Prescott Regional Ernest A Love Field",81,12,6.6,1.6,1.81,0,2,0,1,1264,352,149,153,0,610
2026,6,OO,SkyWest Airlines Inc.,PSC,"Pasco/Kennewick/Richland, WA: Tri Cities",381,61,21.97,1.97,14.91,0,22.16,0,0,6936,2529,405,2099,0,1903
2026,6,OO,SkyWest Airlines Inc.,PSP,"Palm Springs, CA: Palm Springs International",467,129,20.06,1,63.58,0,44.36,0,0,9694,3061,26,3845,0,2762
2026,6,OO,SkyWest Airlines Inc.,PVD,"Providence, RI: Rhode Island Tf Green International",133,28,15.79,2.87,6.07,0,3.27,4,0,2406,1375,200,566,0,265
2026,6,OO,SkyWest Airlines Inc.,PVU,"Provo, UT: Provo Municipal",81,17,6.53,1.97,1.75,0,6.75,2,0,1020,285,113,46,0,576
2026,6,OO,SkyWest Airlines Inc.,PWM,"Portland, ME: Portland International Jetport",6,2,1.64,0,0.36,0,0,0,0,84,74,0,10,0,0
2026,6,OO,SkyWest Airlines Inc.,RAP,"Rapid City, SD: Rapid City Regional",315,84,47.05,4.76,16.59,0,15.59,2,0,5443,3010,536,652,0,1245
2026,6,OO,SkyWest Airlines Inc.,RDD,"Redding, CA: Redding Regional",141,51,23.81,0,18.61,0,8.58,0,2,2788,987,0,1103,0,698
2026,6,OO,SkyWest Airlines Inc.,RDM,"Bend/Redmond, OR: Roberts Field",392,60,17.08,3,28.65,0,11.27,1,0,2888,799,205,1238,0,646
2026,6,OO,SkyWest Airlines Inc.,RDU,"Raleigh/Durham, NC: Raleigh-Durham International",55,11,8,0,0.02,0,2.98,0,0,695,605,0,1,0,89
2026,6,OO,SkyWest Airlines Inc.,RHI,"Rhinelander, WI: Rhinelander/Oneida County",79,9,5,3.31,0.69,0,0,0,0,487,317,143,27,0,0
2026,6,OO,SkyWest Airlines Inc.,RIC,"Richmond, VA: Richmond International",77,18,10.26,1,2.14,0,4.61,2,1,1503,815,23,213,0,452
2026,6,OO,SkyWest Airlines Inc.,RIW,"Riverton/Lander, WY: Central Wyoming Regional",60,15,4.85,0.06,6.1,0,3.99,0,0,1489,214,4,504,0,767
2026,6,OO,SkyWest Airlines Inc.,RKS,"Rock Springs, WY: Southwest Wyoming Regional",60,15,5.27,1,6.01,0,2.71,0,0,724,289,21,316,0,98
2026,6,OO,SkyWest Airlines Inc.,RNO,"Reno, NV: Reno/Tahoe International",397,46,17.25,4.06,18.18,0,6.51,1,0,3944,1651,1028,970,0,295
2026,6,OO,SkyWest Airlines Inc.,ROA,"Roanoke, VA: Roanoke Blacksburg Regional",62,23,13.61,0,6.69,0,2.7,4,0,1080,619,0,268,0,193
2026,6,OO,SkyWest Airlines Inc.,ROC,"Rochester, NY: Frederick Douglass Grtr Rochester International",86,27,16.01,0.77,2.02,0,8.2,5,0,1790,892,120,99,0,679
2026,6,OO,SkyWest Airlines Inc.,ROW,"Roswell, NM: Roswell Air Center",149,48,24.04,6.34,5.42,0,12.19,4,0,2463,1138,385,241,0,699
2026,6,OO,SkyWest Airlines Inc.,RST,"Rochester, MN: Rochester International",100,29,9.38,6.12,6.01,0,7.48,6,1,2423,323,1001,465,0,634
2026,6,OO,SkyWest Airlines Inc.,SAF,"Santa Fe, NM: Santa Fe Regional",391,93,42.08,8.98,17.14,0,24.8,9,2,7218,3145,759,1400,0,1914
2026,6,OO,SkyWest Airlines Inc.,SAN,"San Diego, CA: San Diego International",1311,328,105.54,6.07,155.71,0.26,60.42,12,0,14770,4710,292,6347,5,3416
2026,6,OO,SkyWest Airlines Inc.,SAT,"San Antonio, TX: San Antonio International",124,24,8,0,9.6,0,6.4,2,2,1607,684,0,516,0,407
2026,6,OO,SkyWest Airlines Inc.,SAV,"Savannah, GA: Savannah/Hilton Head International",64,18,5.01,0.72,7.03,0,5.23,3,0,1644,439,21,629,0,555
2026,6,OO,SkyWest Airlines Inc.,SBA,"Santa Barbara, CA: Santa Barbara Municipal",300,51,17.95,1,21.8,0,10.25,1,0,2519,980,17,760,0,762
2026,6,OO,SkyWest Airlines Inc.,SBN,"South Bend, IN: South Bend International",446,116,56.72,16.41,18.32,0,24.55,15,1,8987,3677,1965,1029,0,2316
2026,6,OO,SkyWest Airlines Inc.,SBP,"San Luis Obispo, CA: San Luis Obispo County Regional",146,18,9.23,0,1.97,0,6.8,0,1,891,414,0,80,0,397
2026,6,OO,SkyWest Airlines Inc.,SCE,"State College, PA: State College Regional",81,22,12.34,1.55,4.22,0,3.88,4,0,1217,676,122,155,0,264
2026,6,OO,SkyWest Airlines Inc.,SDF,"Louisville, KY: Louisville Muhammad Ali International",155,36,25.22,0.59,5.93,0,4.26,7,0,1828,1263,10,218,0,337
2026,6,OO,SkyWest Airlines Inc.,SEA,"Seattle, WA: Seattle/Tacoma International",2519,388,209.67,36.45,92.84,0,49.04,3,0,22353,12118,1764,4512,0,3959
2026,6,OO,SkyWest Airlines Inc.,SFO,"San Francisco, CA: San Francisco International",2592,1442,241.46,22.85,1018.05,0,159.65,21,43,90119,14143,3929,57996,0,14051
2026,6,OO,SkyWest Airlines Inc.,SGF,"Springfield, MO: Springfield-Branson National",195,58,27.48,5.11,12.91,0,12.51,4,1,3364,1109,541,1082,0,632
2026,6,OO,SkyWest Airlines Inc.,SGU,"St. George, UT: St George Regional",391,105,53.24,5.7,16.86,0,29.2,0,4,7879,3758,404,884,0,2833
2026,6,OO,SkyWest Airlines Inc.,SHD,"Staunton, VA: Shenandoah Valley Regional",60,27,9.91,2,2.17,0,12.92,2,0,2975,1502,316,171,0,986
2026,6,OO,SkyWest Airlines Inc.,SHR,"Sheridan, WY: Sheridan County",60,15,6.57,0.84,2.17,0,5.41,0,0,1673,260,81,117,0,1215
2026,6,OO,SkyWest Airlines Inc.,SHV,"Shreveport, LA: Shreveport Regional",440,139,57.08,16.8,20.49,0,44.64,3,0,12197,4227,2173,2475,0,3322
2026,6,OO,SkyWest Airlines Inc.,SJC,"San Jose, CA: Norman Y. Mineta San Jose International",468,49,28.23,6.57,6.2,0,8,0,0,2831,1829,450,260,0,292
2026,6,OO,SkyWest Airlines Inc.,SJT,"San Angelo, TX: San Angelo Regional/Mathis Field",90,21,4.29,3,3.71,0,10,5,0,1523,417,136,122,0,848
2026,6,OO,SkyWest Airlines Inc.,SLC,"Salt Lake City, UT: Salt Lake City International",3187,277,150.01,38.18,42.18,0,46.63,2,1,23321,13961,3771,2125,0,3464
2026,6,OO,SkyWest Airlines Inc.,SLN,"Salina, KS: Salina Regional",81,33,13.29,4.16,5.97,0,9.58,2,1,2274,877,289,435,0,673
2026,6,OO,SkyWest Airlines Inc.,SMF,"Sacramento, CA: Sacramento International",696,80,35.48,8,15.25,1,20.28,0,0,3874,1806,541,583,25,919
2026,6,OO,SkyWest Airlines Inc.,SNA,"Santa Ana, CA: John Wayne Airport-Orange County",514,125,35.06,4.04,52.67,0,33.24,5,1,7422,2888,175,2461,0,1898
2026,6,OO,SkyWest Airlines Inc.,STL,"St. Louis, MO: St Louis Lambert International",155,33,20.72,3.84,2.22,0,6.22,0,2,2121,972,208,159,0,782
2026,6,OO,SkyWest Airlines Inc.,STS,"Santa Rosa, CA: Charles M. Schulz - Sonoma County",419,71,34.61,2,12.8,0,21.59,1,0,3678,1548,163,617,0,1350
2026,6,OO,SkyWest Airlines Inc.,SUN,"Sun Valley/Hailey/Ketchum, ID: Friedman Memorial",216,34,18.33,0.72,8.88,0,6.07,0,2,1982,1152,13,468,0,349
2026,6,OO,SkyWest Airlines Inc.,SUX,"Sioux City, IA: Sioux Gateway Brig Gen Bud Day Field",77,21,8.65,1,6.15,0,5.2,2,0,1838,482,27,358,0,971
2026,6,OO,SkyWest Airlines Inc.,SWO,"Stillwater, OK: Stillwater Regional",60,11,4,0,1.71,0,5.29,2,0,876,357,0,36,0,483
2026,6,OO,SkyWest Airlines Inc.,SYR,"Syracuse, NY: Syracuse Hancock International",102,24,11.48,5.89,1.92,0,4.71,3,1,1429,636,392,87,0,314
2026,6,OO,SkyWest Airlines Inc.,TUL,"Tulsa, OK: Tulsa International",314,69,29.59,6.1,12.66,0,20.66,0,0,4717,1647,401,838,0,1831
2026,6,OO,SkyWest Airlines Inc.,TUS,"Tucson, AZ: Tucson International",596,118,46.35,9.63,19.11,1,41.9,2,2,8620,3574,618,927,27,3474
2026,6,OO,SkyWest Airlines Inc.,TVC,"Traverse City, MI: Cherry Capital",244,52,23.37,7.63,7.63,0,13.37,13,1,4018,1595,644,518,0,1261
2026,6,OO,SkyWest Airlines Inc.,TWF,"Twin Falls, ID: Joslin Field - Magic Valley Regional",83,10,9.5,0,0.5,0,0,0,0,1054,1046,0,8,0,0
2026,6,OO,SkyWest Airlines Inc.,TYS,"Knoxville, TN: McGhee Tyson",157,43,22.75,0.56,5.91,0,13.78,0,0,3254,1573,47,328,0,1306
2026,6,OO,SkyWest Airlines Inc.,VCT,"Victoria, TX: Victoria Regional",51,23,13.39,5.72,2.92,0,0.97,0,0,5167,3558,1357,154,0,98
2026,6,OO,SkyWest Airlines Inc.,WYS,"West Yellowstone, MT: Yellowstone",76,12,8.52,0,1.48,0,2,0,2,462,352,0,51,0,59
2026,6,OO,SkyWest Airlines Inc.,XNA,"Fayetteville, AR: Northwest Arkansas National",336,60,32.82,7,7.98,0,12.19,2,1,3985,2258,515,417,0,795
2026,6,OO,SkyWest Airlines Inc.,XWA,"Williston, ND: Williston Basin International",197,52,25.69,5.94,11.9,0,8.48,1,2,4318,2352,606,732,0,628
2026,6,OO,SkyWest Airlines Inc.,YUM,"Yuma, AZ: Yuma MCAS/Yuma International",72,13,6.09,2,1.62,0,3.29,0,0,1074,810,102,33,0,129
2026,6,PT,Piedmont Airlines,AGS,"Augusta, GA: Augusta Regional at Bush Field",171,22,7.3,2.28,4.76,0,7.66,2,0,1427,290,180,144,0,813
2026,6,PT,Piedmont Airlines,ALB,"Albany, NY: Albany International",146,23,4.63,1.1,3.95,0,13.32,2,0,2928,204,267,171,0,2286
2026,6,PT,Piedmont Airlines,ART,"Watertown, NY: Watertown International",60,8,3.12,0,0,0,4.88,2,11,383,157,0,0,0,226
2026,6,PT,Piedmont Airlines,AVL,"Asheville, NC: Asheville Regional",198,37,9.6,3.9,12.18,0,11.32,4,0,2657,500,911,447,0,799
2026,6,PT,Piedmont Airlines,AVP,"Scranton/Wilkes-Barre, PA: Wilkes Barre Scranton International",4,0,0,0,0,0,0,0,0,0,0,0,0,0,0
2026,6,PT,Piedmont Airlines,BDL,"Hartford, CT: Bradley International",114,19,3.18,1.14,2.92,0,11.75,3,0,2001,143,130,112,0,1616
2026,6,PT,Piedmont Airlines,BGR,"Bangor, ME: Bangor International",90,17,4.92,1.77,3.08,0,7.23,2,1,1025,160,224,136,0,505
2026,6,PT,Piedmont Airlines,BUF,"Buffalo, NY: Buffalo Niagara International",116,21,6.06,2.4,4.65,0,7.89,4,0,1948,1032,325,263,0,328
2026,6,PT,Piedmont Airlines,CAE,"Columbia, SC: Columbia Metropolitan",279,37,11.62,2.52,6.56,0,16.3,4,0,2568,1025,148,350,0,1045
2026,6,PT,Piedmont Airlines,CHA,"Chattanooga, TN: Lovell Field",210,61,17.08,2.61,17.93,0,23.39,2,0,3712,1014,178,654,0,1866
2026,6,PT,Piedmont Airlines,CHO,"Charlottesville, VA: Charlottesville Albemarle",210,45,10.62,4.97,13.11,0,16.3,3,1,3251,696,818,372,0,1365
2026,6,PT,Piedmont Airlines,CLE,"Cleveland, OH: Cleveland-Hopkins International",87,12,2.95,0.97,3.62,0,4.46,2,0,1031,153,293,188,0,397
2026,6,PT,Piedmont Airlines,CLT,"Charlotte, NC: Charlotte Douglas International",4240,665,154.82,47.17,106.78,0.62,355.6,83,24,54744,16082,4568,4608,44,29442
2026,6,PT,Piedmont Airlines,CVG,"Cincinnati, OH: Cincinnati/Northern Kentucky International",4,0,0,0,0,0,0,0,0,0,0,0,0,0,0
2026,6,PT,Piedmont Airlines,DAY,"Dayton, OH: James M Cox/Dayton International",2,0,0,0,0,0,0,0,0,0,0,0,0,0,0
2026,6,PT,Piedmont Airlines,DTW,"Detroit, MI: Detroit Metro Wayne County",16,1,0,0,0.07,0,0.93,0,0,27,0,0,2,0,25
2026,6,PT,Piedmont Airlines,ERI,"Erie, PA: Erie International/Tom Ridge Field",90,12,1.31,1.96,1.75,0,6.98,2,1,736,251,176,67,0,242
2026,6,PT,Piedmont Airlines,EVV,"Evansville, IN: Evansville Regional",90,14,2.78,1,3.74,0,6.48,2,1,1005,306,142,132,0,425
2026,6,PT,Piedmont Airlines,EWN,"New Bern/Morehead/Beaufort, NC: Coastal Carolina Regional",180,34,8.06,3.1,8,0,14.84,6,1,1813,451,169,337,0,856
2026,6,PT,Piedmont Airlines,FAY,"Fayetteville, NC: Fayetteville Regional/Grannis Field",167,41,10.96,4.5,6.25,0,19.3,3,1,3077,722,447,189,0,1719
2026,6,PT,Piedmont Airlines,FLO,"Florence, SC: Florence Regional",60,11,2.13,1.02,0.15,0,7.71,0,0,593,115,72,6,0,400
2026,6,PT,Piedmont Airlines,FWA,"Fort Wayne, IN: Fort Wayne International",90,17,2.71,2.92,4.28,0,7.09,1,0,1209,183,346,137,0,543
2026,6,PT,Piedmont Airlines,GNV,"Gainesville, FL: Gainesville Regional",120,11,4.48,1.6,2.08,0,2.84,4,0,664,210,96,79,0,279
2026,6,PT,Piedmont Airlines,GPT,"Gulfport/Biloxi, MS: Gulfport-Biloxi International",60,14,4.83,1,4.76,0,3.41,2,0,671,201,20,250,0,200
2026,6,PT,Piedmont Airlines,GRR,"Grand Rapids, MI: Gerald R. Ford International",4,0,0,0,0,0,0,0,1,0,0,0,0,0,0
2026,6,PT,Piedmont Airlines,GSO,"Greensboro/High Point, NC: Piedmont Triad International",143,18,3.64,1.94,3.96,0,8.46,2,0,1081,215,73,229,0,564
2026,6,PT,Piedmont Airlines,GSP,"Greer, SC: Greenville-Spartanburg International",237,24,8.98,0.94,6.5,0,7.58,2,0,1126,382,255,152,0,337
2026,6,PT,Piedmont Airlines,HSV,"Huntsville, AL: Huntsville International-Carl T Jones Field",120,21,6.06,0.42,5.07,0,9.45,4,1,1666,362,35,269,0,1000
2026,6,PT,Piedmont Airlines,HTS,"Ashland, WV: Tri-State/Milton J. Ferguson Field",81,20,1.95,3.76,2.49,0,11.81,1,0,1873,88,932,77,0,776
2026,6,PT,Piedmont Airlines,ILM,"Wilmington, NC: Wilmington International",248,49,10.99,4.69,11.64,0,21.67,4,0,4959,1254,326,516,0,2863
2026,6,PT,Piedmont Airlines,IND,"Indianapolis, IN: Indianapolis International",4,1,0,0,1,0,0,0,0,27,0,0,27,0,0
2026,6,PT,Piedmont Airlines,JAN,"Jackson/Vicksburg, MS: Jackson Medgar Wiley Evers International",30,4,1.79,0,0.36,0,1.85,1,2,263,64,0,17,0,182
2026,6,PT,Piedmont Airlines,LEX,"Lexington, KY: Blue Grass",17,6,1.65,0,3.35,0,1,0,0,182,73,0,84,0,25
2026,6,PT,Piedmont Airlines,LYH,"Lynchburg, VA: Lynchburg Regional/Preston Glenn Field",167,23,4.96,2.8,4.86,0,10.38,5,0,1718,275,257,197,0,989
2026,6,PT,Piedmont Airlines,MDT,"Harrisburg, PA: Harrisburg International",317,66,12.7,7.36,9.63,0,36.31,5,0,5524,711,1512,321,0,2980
2026,6,PT,Piedmont Airlines,MGM,"Montgomery, AL: Montgomery Regional",60,12,1.36,2.4,0.96,0,7.28,1,0,641,67,120,31,0,423
2026,6,PT,Piedmont Airlines,MHT,"Manchester, NH: Manchester Boston Regional",120,19,4.08,2.79,3.05,0,9.09,3,0,1163,229,303,178,0,453
2026,6,PT,Piedmont Airlines,MLI,"Moline, IL: Quad Cities International",60,18,6.76,2.42,4.85,0,3.97,3,1,845,352,155,168,0,170
2026,6,PT,Piedmont Airlines,MOB,"Mobile, AL: Mobile Regional",86,14,6.23,2.73,1.12,0,3.92,1,0,628,158,234,35,0,201
2026,6,PT,Piedmont Airlines,MYR,"Myrtle Beach, SC: Myrtle Beach International",111,15,2.44,0,8.18,0,4.38,0,0,681,111,0,367,0,203
2026,6,PT,Piedmont Airlines,OAJ,"Jacksonville/Camp Lejeune, NC: Albert J Ellis",152,29,8.41,0.53,7.2,0,12.85,3,0,2914,763,40,755,0,1356
2026,6,PT,Piedmont Airlines,ORF,"Norfolk, VA: Norfolk International",81,18,2.25,0.26,1.14,0,14.35,0,1,1078,189,7,58,0,824
2026,6,PT,Piedmont Airlines,ORH,"Worcester, MA: Worcester Regional",30,4,1.67,0,0.02,0,2.31,0,0,224,117,0,3,0,104
2026,6,PT,Piedmont Airlines,PGV,"Greenville, NC: Pitt Greenville",86,8,0,0,4.88,0,3.12,3,2,465,0,0,237,0,228
2026,6,PT,Piedmont Airlines,PHF,"Newport News/Williamsburg, VA: Newport News/Williamsburg International",120,18,3.62,3.06,1.93,0,9.39,0,0,1574,220,406,167,0,781
2026,6,PT,Piedmont Airlines,PHL,"Philadelphia, PA: Philadelphia International",2211,397,85.93,33.16,83.35,0,194.56,45,4,48386,16758,4137,7013,0,20478
2026,6,PT,Piedmont Airlines,PIT,"Pittsburgh, PA: Pittsburgh International",39,6,0.11,2.26,0.14,0,3.49,2,0,1138,17,663,31,0,427
2026,6,PT,Piedmont Airlines,PVD,"Providence, RI: Rhode Island Tf Green International",8,2,0.54,0,0.26,0,1.2,0,0,139,46,0,14,0,79
2026,6,PT,Piedmont Airlines,PWM,"Portland, ME: Portland International Jetport",60,13,4.38,0,3.37,0,5.25,0,0,674,190,0,121,0,363
2026,6,PT,Piedmont Airlines,RIC,"Richmond, VA: Richmond International",141,29,7.09,4,3.7,1,13.21,1,1,4667,606,1224,334,71,2432
2026,6,PT,Piedmont Airlines,ROA,"Roanoke, VA: Roanoke Blacksburg Regional",277,72,21.67,7.44,17.68,0,25.21,4,1,4345,1192,683,677,0,1793
2026,6,PT,Piedmont Airlines,ROC,"Rochester, NY: Frederick Douglass Grtr Rochester International",119,19,1.11,1.75,7.95,0,8.2,4,0,991,63,244,274,0,410
2026,6,PT,Piedmont Airlines,SAV,"Savannah, GA: Savannah/Hilton Head International",76,13,4.82,1.95,1.7,0,4.53,1,0,914,176,519,62,0,157
2026,6,PT,Piedmont Airlines,SBY,"Salisbury, MD: Salisbury-Ocean City/Wicomico Regional",141,33,6.09,8.59,4.17,0.2,13.95,1,0,3968,390,2256,161,4,1157
2026,6,PT,Piedmont Airlines,SCE,"State College, PA: State College Regional",90,24,2.58,4.62,4.28,0,12.52,3,0,1442,69,580,209,0,584
2026,6,PT,Piedmont Airlines,SDF,"Louisville, KY: Louisville Muhammad Ali International",31,8,2.33,0,2.75,0,2.92,0,0,515,188,0,169,0,158
2026,6,PT,Piedmont Airlines,SGF,"Springfield, MO: Springfield-Branson National",2,1,0,0,0.27,0,0.73,0,0,60,0,0,16,0,44
2026,6,PT,Piedmont Airlines,SHV,"Shreveport, LA: Shreveport Regional",4,2,0,0.48,1,0,0.52,0,0,108,0,45,15,0,48
2026,6,PT,Piedmont Airlines,SYR,"Syracuse, NY: Syracuse Hancock International",119,27,8.21,2.17,4.45,0,12.17,4,0,2955,1125,316,362,0,1152
2026,6,PT,Piedmont Airlines,TLH,"Tallahassee, FL: Tallahassee International",118,20,4.85,2.29,3.76,0,9.1,3,2,1906,177,492,154,0,1083
2026,6,PT,Piedmont Airlines,TRI,"Bristol/Johnson City/Kingsport, TN: Tri Cities",171,35,4.76,4.65,6.35,0,19.24,12,0,2075,166,550,246,0,1113
2026,6,PT,Piedmont Airlines,TYS,"Knoxville, TN: McGhee Tyson",216,35,7.47,1.59,9.13,0,16.81,2,0,2814,689,283,423,0,1419
2026,6,QX,Horizon Air,ABQ,"Albuquerque, NM: Albuquerque International Sunport",30,0,0,0,0,0,0,0,0,0,0,0,0,0,0
2026,6,QX,Horizon Air,AKN,"King Salmon, AK: King Salmon Airport",30,3,3,0,0,0,0,0,0,326,326,0,0,0,0
2026,6,QX,Horizon Air,ALW,"Walla Walla, WA: Walla Walla Regional",60,10,5.03,0,0.64,0,4.33,0,0,305,167,0,19,0,119
2026,6,QX,Horizon Air,ANC,"Anchorage, AK: Ted Stevens Anchorage International",262,29,5.17,0,8.21,0,15.61,18,0,1783,214,0,207,0,1362
2026,6,QX,Horizon Air,BET,"Bethel, AK: Bethel Airport",12,0,0,0,0,0,0,3,0,0,0,0,0,0,0
2026,6,QX,Horizon Air,BIL,"Billings, MT: Billings Logan International",120,14,7.42,0,4.1,0,2.48,0,1,456,290,0,102,0,64
2026,6,QX,Horizon Air,BOI,"Boise, ID: Boise Air Terminal",445,65,15.14,0,10.17,0,39.69,6,0,2682,877,0,294,0,1511
2026,6,QX,Horizon Air,BRW,"Barrow, AK: Wiley Post/Will Rogers Memorial",5,0,0,0,0,0,0,2,0,0,0,0,0,0,0
2026,6,QX,Horizon Air,BZN,"Bozeman, MT: Bozeman Yellowstone International",103,27,7.02,0,8.19,0,11.79,1,0,1304,380,0,317,0,607
2026,6,QX,Horizon Air,DLG,"Dillingham, AK: Dillingham Airport",30,6,2.35,1,0.75,0,1.9,2,0,458,75,42,42,0,299
2026,6,QX,Horizon Air,EAT,"Wenatchee, WA: Pangborn Memorial",60,12,4.73,0,5.59,0,1.68,1,0,491,177,0,233,0,81
2026,6,QX,Horizon Air,ELP,"El Paso, TX: El Paso International",30,9,5.35,0,1.58,0,2.07,0,2,292,198,0,31,0,63
2026,6,QX,Horizon Air,EUG,"Eugene, OR: Mahlon Sweet Field",149,23,6.03,0,3.43,0,13.53,0,0,1034,274,0,71,0,689
2026,6,QX,Horizon Air,FAI,"Fairbanks, AK: Fairbanks International",89,12,3.55,0,1.04,0,7.41,3,0,828,298,0,21,0,509
2026,6,QX,Horizon Air,FAT,"Fresno, CA: Fresno Yosemite International",45,8,3.3,0,2.79,0,1.91,0,0,393,127,0,69,0,197
2026,6,QX,Horizon Air,FCA,"Kalispell, MT: Glacier Park International",141,17,3.71,0,5.36,0,7.93,0,0,675,229,0,123,0,323
2026,6,QX,Horizon Air,GEG,"Spokane, WA: Spokane International",313,41,3.73,0,6.73,0,30.54,2,0,1489,138,0,174,0,1177
2026,6,QX,Horizon Air,GTF,"Great Falls, MT: Great Falls International",30,9,2.12,0.88,2.96,0,3.04,0,0,224,53,21,60,0,90
2026,6,QX,Horizon Air,HLN,"Helena, MT: Helena Regional",30,8,2.03,0,2.35,0,3.62,0,0,513,154,0,76,0,283
2026,6,QX,Horizon Air,ICT,"Wichita, KS: Wichita Dwight D Eisenhower National",30,5,5,0,0,0,0,0,0,171,171,0,0,0,0
2026,6,QX,Horizon Air,LAS,"Las Vegas, NV: Harry Reid International",196,71,9.18,0,18.03,0,43.79,4,0,3233,513,0,889,0,1831
2026,6,QX,Horizon Air,LAX,"Los Angeles, CA: Los Angeles International",152,11,7.19,0,0,0,3.81,0,0,591,423,0,0,0,168
2026,6,QX,Horizon Air,MFR,"Medford, OR: Rogue Valley International - Medford",154,12,2.68,0,1.9,0,7.42,1,0,471,66,0,39,0,366
2026,6,QX,Horizon Air,MRY,"Monterey, CA: Monterey Regional",47,4,0.89,0,0.53,0,2.58,0,1,85,17,0,9,0,59
2026,6,QX,Horizon Air,MSO,"Missoula, MT: Missoula Montana",45,11,3.59,0,0.07,0,7.34,0,0,451,125,0,2,0,324
2026,6,QX,Horizon Air,OAK,"Oakland, CA: Oakland International",112,28,6.78,0,2.32,0,18.89,5,0,1279,274,0,71,0,934
2026,6,QX,Horizon Air,OME,"Nome, AK: Nome Airport",30,2,0,1,0,0,1,1,1,112,0,88,0,0,24
2026,6,QX,Horizon Air,ONT,"Ontario, CA: Ontario International",77,4,1.25,0,0.11,0,2.64,1,0,231,44,0,3,0,184
2026,6,QX,Horizon Air,OTZ,"Kotzebue, AK: Ralph Wien Memorial",30,0,0,0,0,0,0,6,0,0,0,0,0,0,0
2026,6,QX,Horizon Air,PAE,"Everett, WA: Seattle Paine Field International",170,50,8.94,0,11.15,0,29.9,0,0,3066,830,0,399,0,1837
2026,6,QX,Horizon Air,PDX,"Portland, OR: Portland International",1103,154,40.05,0,16.89,1,96.06,14,0,9707,3689,0,579,57,5382
2026,6,QX,Horizon Air,PHX,"Phoenix, AZ: Phoenix Sky Harbor International",59,29,4.69,0,4.39,0,19.93,2,0,1532,321,0,185,0,1026
2026,6,QX,Horizon Air,PSC,"Pasco/Kennewick/Richland, WA: Tri Cities",148,25,4.09,0,4.83,0.77,15.31,1,0,795,163,0,103,17,512
2026,6,QX,Horizon Air,PUW,"Pullman, WA: Pullman Moscow Regional",89,13,6.13,0,2.82,0,4.05,1,0,586,298,0,69,0,219
2026,6,QX,Horizon Air,RDD,"Redding, CA: Redding Regional",30,1,1,0,0,0,0,0,0,15,15,0,0,0,0
2026,6,QX,Horizon Air,RDM,"Bend/Redmond, OR: Roberts Field",248,46,5.83,0,4.48,0,35.69,1,0,1662,242,0,139,0,1281
2026,6,QX,Horizon Air,RNO,"Reno, NV: Reno/Tahoe International",68,20,4.4,0,1.04,0,14.55,1,0,948,153,0,35,0,760
2026,6,QX,Horizon Air,SAN,"San Diego, CA: San Diego International",766,273,21.39,0.91,175.39,0.65,74.65,17,0,12821,1834,27,6948,17,3995
2026,6,QX,Horizon Air,SBA,"Santa Barbara, CA: Santa Barbara Municipal",120,13,5.18,0,0.05,0,7.77,3,0,475,189,0,1,0,285
2026,6,QX,Horizon Air,SBP,"San Luis Obispo, CA: San Luis Obispo County Regional",153,23,4.21,0,3.05,0,15.75,1,0,760,121,0,76,0,563
2026,6,QX,Horizon Air,SEA,"Seattle, WA: Seattle/Tacoma International",1657,328,51.4,7.4,160.07,0,109.13,9,3,13033,3537,455,4633,0,4408
2026,6,QX,Horizon Air,SFO,"San Francisco, CA: San Francisco International",173,107,7.75,0,77.77,0,21.47,2,2,5880,479,0,4209,0,1192
2026,6,QX,Horizon Air,SJC,"San Jose, CA: Norman Y. Mineta San Jose International",121,21,4.19,0,3.98,0,12.84,0,0,1057,356,0,108,0,593
2026,6,QX,Horizon Air,SLC,"Salt Lake City, UT: Salt Lake City International",18,2,1,0,0,0,1,0,0,47,26,0,0,0,21
2026,6,QX,Horizon Air,SMF,"Sacramento, CA: Sacramento International",140,21,4,1,2.88,0,13.12,2,0,704,187,49,58,0,410
2026,6,QX,Horizon Air,SNA,"Santa Ana, CA: John Wayne Airport-Orange County",60,12,3.01,0,2.24,0,6.74,0,0,492,186,0,59,0,247
2026,6,QX,Horizon Air,STS,"Santa Rosa, CA: Charles M. Schulz - Sonoma County",83,21,3.85,0,4.61,0,12.54,0,0,1029,227,0,141,0,661
2026,6,QX,Horizon Air,SUN,"Sun Valley/Hailey/Ketchum, ID: Friedman Memorial",27,0,0,0,0,0,0,0,0,0,0,0,0,0,0
2026,6,QX,Horizon Air,TUL,"Tulsa, OK: Tulsa International",60,16,7.97,0.17,4.5,0,3.36,0,0,603,373,6,128,0,96
2026,6,QX,Horizon Air,TUS,"Tucson, AZ: Tucson International",30,2,2,0,0,0,0,0,0,47,47,0,0,0,0
2026,6,QX,Horizon Air,YKM,"Yakima, WA: Yakima Air Terminal/McAllister Field",60,5,1.84,0,0.41,0,2.75,0,0,135,46,0,9,0,80
2026,6,UA,United Air Lines Network,ABQ,"Albuquerque, NM: Albuquerque International Sunport",183,58,16.88,0.98,13.92,0,26.23,1,0,3361,856,170,506,0,1829
2026,6,UA,United Air Lines Network,ALB,"Albany, NY: Albany International",117,21,4.89,0.79,6.83,0,8.49,1,0,1456,309,81,386,0,680
2026,6,UA,United Air Lines Network,ANC,"Anchorage, AK: Ted Stevens Anchorage International",253,41,12.18,2.52,14.11,0,12.19,0,0,2768,1244,116,518,0,890
2026,6,UA,United Air Lines Network,ATL,"Atlanta, GA: Hartsfield-Jackson Atlanta International",690,168,49.25,5.45,63.13,0,50.16,9,1,13804,3300,693,3739,0,6072
2026,6,UA,United Air Lines Network,ATW,"Appleton, WI: Appleton International",30,12,4.02,0,3.2,0,4.78,0,0,583,193,0,135,0,255
2026,6,UA,United Air Lines Network,AUS,"Austin, TX: Austin - Bergstrom International",870,220,60.03,9.01,69.63,0,81.33,3,1,15564,3660,1123,3161,0,7620
2026,6,UA,United Air Lines Network,AVL,"Asheville, NC: Asheville Regional",30,2,0.04,0,0.05,0,1.91,0,0,141,3,0,3,0,135
2026,6,UA,United Air Lines Network,BDL,"Hartford, CT: Bradley International",234,54,12.71,2.31,22.26,0,16.72,0,0,3438,906,191,966,0,1375
2026,6,UA,United Air Lines Network,BFL,"Bakersfield, CA: Meadows Field",30,11,3.82,0,2.89,0,4.28,0,1,782,256,0,169,0,357
2026,6,UA,United Air Lines Network,BGR,"Bangor, ME: Bangor International",2,0,0,0,0,0,0,0,0,0,0,0,0,0,0
2026,6,UA,United Air Lines Network,BHM,"Birmingham, AL: Birmingham-Shuttlesworth International",30,9,3.33,0,1.05,0,4.62,0,0,633,184,0,32,0,417
2026,6,UA,United Air Lines Network,BIL,"Billings, MT: Billings Logan International",60,23,9.82,0.45,3.61,0,9.12,0,0,1276,599,54,145,0,478
2026,6,UA,United Air Lines Network,BNA,"Nashville, TN: Nashville International",674,195,52.02,6.69,69.54,0,66.75,2,1,15312,3919,948,3285,0,7160
2026,6,UA,United Air Lines Network,BOI,"Boise, ID: Boise Air Terminal",171,54,12.34,0.99,18.99,0,21.69,1,0,3117,684,66,789,0,1578
2026,6,UA,United Air Lines Network,BOS,"Boston, MA: Logan International",1217,273,50,7.87,141.44,0,73.69,10,1,18372,2500,658,9188,0,6026
2026,6,UA,United Air Lines Network,BQN,"Aguadilla, PR: Rafael Hernandez",30,8,2.59,0.93,3.44,0,1.03,0,1,410,73,54,202,0,81
2026,6,UA,United Air Lines Network,BTV,"Burlington, VT: Patrick Leahy Burlington International",90,20,2.96,1.7,11.08,0,4.26,0,0,1612,242,449,374,0,547
2026,6,UA,United Air Lines Network,BUF,"Buffalo, NY: Buffalo Niagara International",97,25,6.97,1.21,8.39,0,8.43,1,0,2493,734,127,366,0,1266
2026,6,UA,United Air Lines Network,BUR,"Burbank, CA: Bob Hope",251,92,22.47,0.8,21.6,0,47.12,0,0,4776,1171,74,853,0,2678
2026,6,UA,United Air Lines Network,BWI,"Baltimore, MD: Baltimore/Washington International Thurgood Marshall",386,88,24.8,1.22,26.45,0,35.53,2,0,6344,1865,173,1113,0,3193
2026,6,UA,United Air Lines Network,BZN,"Bozeman, MT: Bozeman Yellowstone International",322,56,13.5,1.63,12.36,0,28.51,0,1,3874,776,101,435,0,2562
2026,6,UA,United Air Lines Network,CHS,"Charleston, SC: Charleston AFB/International",231,48,16.3,1.94,12.41,0,17.34,1,0,3381,874,735,483,0,1289
2026,6,UA,United Air Lines Network,CID,"Cedar Rapids/Iowa City, IA: The Eastern Iowa",134,39,13.84,0.49,7.28,0,17.39,2,0,3375,1211,82,375,0,1707
2026,6,UA,United Air Lines Network,CLE,"Cleveland, OH: Cleveland-Hopkins International",805,157,42.87,10.45,31.09,0,72.59,4,1,15367,3605,1669,2189,0,7904
2026,6,UA,United Air Lines Network,CLT,"Charlotte, NC: Charlotte Douglas International",150,52,10.67,0.95,20.12,0,20.26,1,0,4405,642,118,1197,0,2448
2026,6,UA,United Air Lines Network,CMH,"Columbus, OH: John Glenn Columbus International",294,66,22.36,0.9,13.23,0,29.52,2,1,5063,1428,26,434,0,3175
2026,6,UA,United Air Lines Network,COS,"Colorado Springs, CO: City of Colorado Springs Municipal",59,11,4.86,0.69,2.43,0,3.02,2,0,761,338,89,96,0,238
2026,6,UA,United Air Lines Network,CVG,"Cincinnati, OH: Cincinnati/Northern Kentucky International",224,57,21.07,1.36,13.94,0,20.64,2,1,4167,1233,360,679,0,1895
2026,6,UA,United Air Lines Network,DAY,"Dayton, OH: James M Cox/Dayton International",30,10,2.64,0,3.21,0,4.15,0,1,644,184,0,173,0,287
2026,6,UA,United Air Lines Network,DCA,"Washington, DC: Ronald Reagan Washington National",631,199,34.82,8.09,96.67,0,59.43,8,2,17194,2796,1121,7795,0,5482
2026,6,UA,United Air Lines Network,DEN,"Denver, CO: Denver International",9698,1984,570.87,51.34,813.93,0,547.87,28,81,144612,47862,3532,42174,0,51044
2026,6,UA,United Air Lines Network,DFW,"Dallas/Fort Worth, TX: Dallas/Fort Worth International",913,284,72.6,11.17,115.65,1,83.57,4,9,22108,4446,1286,7943,59,8374
2026,6,UA,United Air Lines Network,DRO,"Durango, CO: Durango La Plata County",85,25,7.27,0.64,8.66,0,8.43,0,0,1686,635,118,342,0,591
2026,6,UA,United Air Lines Network,DSM,"Des Moines, IA: Des Moines International",174,43,17.22,0.14,4.45,0,21.19,1,0,3688,1224,16,246,0,2202
2026,6,UA,United Air Lines Network,DTW,"Detroit, MI: Detroit Metro Wayne County",217,56,16.4,1.75,12.92,0,24.93,0,0,4565,1132,197,496,0,2740
2026,6,UA,United Air Lines Network,ECP,"Panama City, FL: Northwest Florida Beaches International",4,4,0.63,0,3.38,0,0,0,0,154,15,0,139,0,0
2026,6,UA,United Air Lines Network,EGE,"Eagle, CO: Eagle County Regional",106,27,8.01,0,9.23,0,9.76,0,0,1138,216,0,271,0,651
2026,6,UA,United Air Lines Network,ELP,"El Paso, TX: El Paso International",60,23,7.25,0,3.49,0,12.26,0,1,1049,352,0,149,0,548
2026,6,UA,United Air Lines Network,EUG,"Eugene, OR: Mahlon Sweet Field",150,66,15.14,0,15.87,0,34.99,0,0,4173,753,0,603,0,2817
2026,6,UA,United Air Lines Network,EWR,"Newark, NJ: Newark Liberty International",5582,1111,225.85,31.31,551.78,0,302.06,45,47,105362,17577,5998,52927,0,28860
2026,6,UA,United Air Lines Network,EYW,"Key West, FL: Key West International",30,2,0,0,1,0,1,0,0,54,0,0,35,0,19
2026,6,UA,United Air Lines Network,FAI,"Fairbanks, AK: Fairbanks International",60,18,6.98,1.49,8.04,0,1.49,0,0,1306,621,55,287,0,343
2026,6,UA,United Air Lines Network,FAR,"Fargo, ND: Hector International",30,10,1.67,0,4.53,0,3.81,0,0,724,101,0,196,0,427
2026,6,UA,United Air Lines Network,FAT,"Fresno, CA: Fresno Yosemite International",90,34,9.73,0.47,6.68,0,17.13,0,0,2501,572,7,301,0,1621
2026,6,UA,United Air Lines Network,FCA,"Kalispell, MT: Glacier Park International",126,30,9.97,0,7.56,0,12.47,0,0,1716,563,0,265,0,888
2026,6,UA,United Air Lines Network,FLL,"Fort Lauderdale, FL: Fort Lauderdale-Hollywood International",607,110,27,5.35,42.54,0,35.11,1,2,7817,2234,485,1616,0,3482
2026,6,UA,United Air Lines Network,FSD,"Sioux Falls, SD: Joe Foss Field",60,22,5.1,0.07,3.23,0,13.6,2,0,2113,362,14,181,0,1556
2026,6,UA,United Air Lines Network,GEG,"Spokane, WA: Spokane International",90,30,7.39,1.36,6.5,0,14.75,0,0,1985,459,142,224,0,1160
2026,6,UA,United Air Lines Network,GJT,"Grand Junction, CO: Grand Junction Regional",60,20,5.2,0,5.35,0,9.45,0,1,1081,263,0,158,0,660
2026,6,UA,United Air Lines Network,GRR,"Grand Rapids, MI: Gerald R. Ford International",138,37,5.1,2.75,8.1,0,21.06,1,0,3122,308,445,407,0,1962
2026,6,UA,United Air Lines Network,GSP,"Greer, SC: Greenville-Spartanburg International",30,7,0.67,0,3.21,0,3.12,0,0,203,29,0,61,0,113
2026,6,UA,United Air Lines Network,GTF,"Great Falls, MT: Great Falls International",60,28,9.38,0.59,4.59,0,13.44,0,0,1596,477,66,220,0,833
2026,6,UA,United Air Lines Network,GUM,"Guam, TT: Guam International",60,5,3.18,0,1.82,0,0,0,0,163,76,0,87,0,0
2026,6,UA,United Air Lines Network,HDN,"Hayden, CO: Yampa Valley",60,29,9.86,0.8,8.55,0,9.79,0,0,1997,355,469,287,0,886
2026,6,UA,United Air Lines Network,HNL,"Honolulu, HI: Daniel K Inouye International",528,96,39.61,1.78,36.06,0,18.55,1,1,5267,2115,360,1259,0,1533
2026,6,UA,United Air Lines Network,IAD,"Washington, DC: Washington Dulles International",3163,473,156.12,23.93,137.01,0,155.93,19,5,34189,11329,2634,7037,0,13189
2026,6,UA,United Air Lines Network,IAH,"Houston, TX: George Bush Intercontinental/Houston",6151,1378,331.19,41.19,631.25,0.6,373.77,16,27,101417,25837,4469,34697,21,36393
2026,6,UA,United Air Lines Network,ICT,"Wichita, KS: Wichita Dwight D Eisenhower National",60,21,3.19,0.64,4.61,0,12.56,1,1,1739,247,109,163,0,1220
2026,6,UA,United Air Lines Network,IDA,"Idaho Falls, ID: Idaho Falls Regional",30,11,1.52,0,0.85,0,8.64,0,0,713,57,0,44,0,612
2026,6,UA,United Air Lines Network,IND,"Indianapolis, IN: Indianapolis International",207,50,14.62,2.32,11.75,0,21.31,1,1,2983,722,289,476,0,1496
2026,6,UA,United Air Lines Network,JAC,"Jackson, WY: Jackson Hole",283,82,29.11,2.1,18.46,0,32.33,6,2,5382,1655,175,827,0,2725
2026,6,UA,United Air Lines Network,JAX,"Jacksonville, FL: Jacksonville International",317,69,19.45,4.44,15.94,0,29.17,0,1,7720,2164,961,699,0,3896
2026,6,UA,United Air Lines Network,KOA,"Kona, HI: Ellison Onizuka Kona International at Keahole",211,25,7.81,0,7.45,0,9.74,0,0,1883,603,0,219,0,1061
2026,6,UA,United Air Lines Network,LAS,"Las Vegas, NV: Harry Reid International",1151,293,67.08,13.61,98.37,0,113.93,2,0,19746,3653,1244,5935,0,8914
2026,6,UA,United Air Lines Network,LAX,"Los Angeles, CA: Los Angeles International",2643,572,184.66,21.32,210.61,0,155.41,9,1,35394,11432,1737,7775,0,14450
2026,6,UA,United Air Lines Network,LEX,"Lexington, KY: Blue Grass",30,17,4.34,1.03,6.43,0,5.21,0,0,1400,235,66,447,0,652
2026,6,UA,United Air Lines Network,LGA,"New York, NY: LaGuardia",818,259,43.78,6.55,128.13,0,80.54,21,12,20459,2553,793,9353,0,7760
2026,6,UA,United Air Lines Network,LIH,"Lihue, HI: Lihue Airport",159,21,11.25,0,4.8,0,4.95,0,0,1129,695,0,119,0,315
2026,6,UA,United Air Lines Network,LIT,"Little Rock, AR: Bill and Hillary Clinton Nat Adams Field",33,12,4.23,0,2.84,0,4.93,0,0,868,263,0,203,0,402
2026,6,UA,United Air Lines Network,MAF,"Midland/Odessa, TX: Midland International Air and Space Port",30,14,4.09,0.4,1.45,0,8.06,0,0,981,296,34,87,0,564
2026,6,UA,United Air Lines Network,MCI,"Kansas City, MO: Kansas City International",436,134,32.65,4.3,29.92,0,67.13,9,0,10258,1876,377,1365,0,6640
2026,6,UA,United Air Lines Network,MCO,"Orlando, FL: Orlando International",1160,204,51.06,10.86,73.96,0,68.12,1,12,15148,3512,864,3715,0,7057
2026,6,UA,United Air Lines Network,MDT,"Harrisburg, PA: Harrisburg International",60,25,7.11,2,5.82,0,10.07,1,0,2305,601,412,232,0,1060
2026,6,UA,United Air Lines Network,MEM,"Memphis, TN: Memphis International",120,39,11.3,1,11.2,0,15.5,1,0,3748,1380,22,464,0,1882
2026,6,UA,United Air Lines Network,MFE,"Mission/McAllen/Edinburg, TX: McAllen International",30,10,5.33,0,0.3,0,4.37,0,0,629,317,0,23,0,289
2026,6,UA,United Air Lines Network,MFR,"Medford, OR: Rogue Valley International - Medford",120,52,9.6,0.58,20.98,0,20.84,0,0,2382,628,77,555,0,1122
2026,6,UA,United Air Lines Network,MIA,"Miami, FL: Miami International",495,109,30.24,4.91,47.93,0,25.92,0,2,6215,1506,345,1946,0,2418
2026,6,UA,United Air Lines Network,MKE,"Milwaukee, WI: General Mitchell International",30,3,1.39,0,1.61,0,0,0,0,66,29,0,37,0,0
2026,6,UA,United Air Lines Network,MRY,"Monterey, CA: Monterey Regional",64,22,6.93,1,2.27,0,11.8,1,0,1430,268,66,95,0,1001
2026,6,UA,United Air Lines Network,MSN,"Madison, WI: Dane County Regional-Truax Field",137,42,10.69,1.71,13.52,0,16.09,3,0,3326,630,257,669,0,1770
2026,6,UA,United Air Lines Network,MSO,"Missoula, MT: Missoula Montana",90,24,6.25,0,10.81,0,6.95,1,0,820,240,0,311,0,269
2026,6,UA,United Air Lines Network,MSP,"Minneapolis, MN: Minneapolis-St Paul International",549,135,41.98,2.76,28.93,0,61.33,5,5,10000,2918,114,1028,0,5940
2026,6,UA,United Air Lines Network,MSY,"New Orleans, LA: Louis Armstrong New Orleans International",485,123,40.96,6.27,32.26,0,43.5,2,1,8267,2298,655,1647,0,3667
2026,6,UA,United Air Lines Network,MTJ,"Montrose/Delta, CO: Montrose Regional",60,20,6.91,1.14,7.74,0,4.22,0,0,1005,510,59,254,0,182
2026,6,UA,United Air Lines Network,MYR,"Myrtle Beach, SC: Myrtle Beach International",60,8,0.16,0,2.06,0,5.78,0,0,255,7,0,38,0,210
2026,6,UA,United Air Lines Network,OGG,"Kahului, HI: Kahului Airport",254,50,11.45,0,23.07,0,15.47,0,1,1898,378,0,537,0,983
2026,6,UA,United Air Lines Network,OKC,"Oklahoma City, OK: Okc Will Rogers International",86,24,4.11,0,4.23,0,15.66,0,0,1701,289,0,175,0,1237
2026,6,UA,United Air Lines Network,OMA,"Omaha, NE: Eppley Airfield",355,120,38.09,4.99,24.98,0,51.94,3,0,8208,2299,394,1151,0,4364
2026,6,UA,United Air Lines Network,ONT,"Ontario, CA: Ontario International",196,61,13.82,2.91,15.95,0,28.31,0,1,3927,745,161,697,0,2324
2026,6,UA,United Air Lines Network,ORD,"Chicago, IL: Chicago O'Hare International",9286,2305,392.73,55.55,1327.11,0,529.61,146,45,234870,39628,7992,131302,0,55948
2026,6,UA,United Air Lines Network,ORF,"Norfolk, VA: Norfolk International",177,57,15.37,1.54,22.85,0,17.25,1,1,3181,984,182,805,0,1210
2026,6,UA,United Air Lines Network,PBI,"West Palm Beach/Palm Beach, FL: Palm Beach International",248,45,11.69,2.09,19.95,0,11.26,1,2,2344,546,186,891,0,721
2026,6,UA,United Air Lines Network,PDX,"Portland, OR: Portland International",657,177,51.03,4.34,47.73,0,73.89,1,1,12144,3919,355,2066,0,5804
2026,6,UA,United Air Lines Network,PHL,"Philadelphia, PA: Philadelphia International",430,104,20.11,1.76,34.23,0,47.91,3,0,9049,1262,313,2896,0,4578
2026,6,UA,United Air Lines Network,PHX,"Phoenix, AZ: Phoenix Sky Harbor International",683,181,57.52,6.25,50.63,0,66.6,0,0,12207,3527,470,2433,0,5777
2026,6,UA,United Air Lines Network,PIT,"Pittsburgh, PA: Pittsburgh International",373,71,18.19,1.73,21.86,0,29.22,1,0,5295,1194,355,930,0,2816
2026,6,UA,United Air Lines Network,PNS,"Pensacola, FL: Pensacola International",90,23,7.1,0.46,3.8,0,11.64,0,0,1044,329,52,141,0,522
2026,6,UA,United Air Lines Network,PSC,"Pasco/Kennewick/Richland, WA: Tri Cities",30,19,5.99,0,0.89,0,12.12,0,0,1790,570,0,64,0,1156
2026,6,UA,United Air Lines Network,PSP,"Palm Springs, CA: Palm Springs International",30,8,2.19,0,3.13,0,2.67,0,0,302,62,0,98,0,142
2026,6,UA,United Air Lines Network,PWM,"Portland, ME: Portland International Jetport",123,32,6.11,0,13.05,0,12.83,1,0,2283,484,0,555,0,1244
2026,6,UA,United Air Lines Network,RAP,"Rapid City, SD: Rapid City Regional",114,35,8.37,1.55,10.05,0,15.03,0,0,2295,471,163,414,0,1247
2026,6,UA,United Air Lines Network,RDM,"Bend/Redmond, OR: Roberts Field",120,58,16.25,0,18.99,0,22.76,0,0,4223,1313,0,707,0,2203
2026,6,UA,United Air Lines Network,RDU,"Raleigh/Durham, NC: Raleigh-Durham International",441,101,28.91,1.11,29.86,0,41.12,4,3,7904,2077,95,1615,0,4117
2026,6,UA,United Air Lines Network,RIC,"Richmond, VA: Richmond International",111,47,11.32,1,13.85,0,20.83,0,0,3736,912,39,440,0,2345
2026,6,UA,United Air Lines Network,RNO,"Reno, NV: Reno/Tahoe International",238,97,32.69,2.88,11.46,0,49.97,1,0,6972,1907,210,590,0,4265
2026,6,UA,United Air Lines Network,ROC,"Rochester, NY: Frederick Douglass Grtr Rochester International",56,21,6.64,1.53,6.43,0,6.41,0,0,1507,537,217,247,0,506
2026,6,UA,United Air Lines Network,RSW,"Fort Myers, FL: Southwest Florida International",341,62,19.54,2.5,21.65,0,18.31,0,2,4064,1089,283,950,0,1742
2026,6,UA,United Air Lines Network,SAN,"San Diego, CA: San Diego International",928,242,55.68,6.57,98.59,0,81.16,1,1,13652,3643,703,3958,0,5348
2026,6,UA,United Air Lines Network,SAT,"San Antonio, TX: San Antonio International",460,124,42.67,6.74,25.39,0,49.2,1,2,10319,3249,679,1081,0,5310
2026,6,UA,United Air Lines Network,SAV,"Savannah, GA: Savannah/Hilton Head International",179,22,3.86,0,9.23,0,8.91,0,0,2235,415,0,299,0,1521
2026,6,UA,United Air Lines Network,SBA,"Santa Barbara, CA: Santa Barbara Municipal",150,47,12.09,1,11.72,0,22.19,0,0,3325,671,120,413,0,2121
2026,6,UA,United Air Lines Network,SBP,"San Luis Obispo, CA: San Luis Obispo County Regional",120,45,11.08,0,10.73,0,23.19,1,1,3147,1040,0,380,0,1727
2026,6,UA,United Air Lines Network,SDF,"Louisville, KY: Louisville Muhammad Ali International",60,14,2.56,0.12,4.44,0,6.87,0,0,734,121,6,308,0,299
2026,6,UA,United Air Lines Network,SEA,"Seattle, WA: Seattle/Tacoma International",916,254,70.39,8,82.27,0,93.34,4,0,16625,4807,841,3419,0,7558
2026,6,UA,United Air Lines Network,SFO,"San Francisco, CA: San Francisco International",5695,2532,327.84,21.42,1737.45,0,445.29,32,3,160484,28573,2785,88646,0,40480
2026,6,UA,United Air Lines Network,SJC,"San Jose, CA: Norman Y. Mineta San Jose International",140,45,15.12,2.81,10.69,0,16.38,1,0,3624,988,406,394,0,1836
2026,6,UA,United Air Lines Network,SJU,"San Juan, PR: Luis Munoz Marin International",330,51,19.67,2.25,24.16,0,4.92,0,0,2406,1133,111,966,0,196
2026,6,UA,United Air Lines Network,SLC,"Salt Lake City, UT: Salt Lake City International",404,126,34.96,3.79,37.98,0,49.26,2,0,8687,2321,334,1538,0,4494
2026,6,UA,United Air Lines Network,SMF,"Sacramento, CA: Sacramento International",411,129,40.54,2.31,46.11,0,40.03,6,0,7762,1937,280,1743,0,3802
2026,6,UA,United Air Lines Network,SNA,"Santa Ana, CA: John Wayne Airport-Orange County",532,120,38.73,8.19,32.51,0,40.57,3,3,6964,1866,1079,1355,0,2664
2026,6,UA,United Air Lines Network,SPN,"Saipan, TT: Francisco C. Ada Saipan International",30,0,0,0,0,0,0,0,0,0,0,0,0,0,0
2026,6,UA,United Air Lines Network,SRQ,"Sarasota/Bradenton, FL: Sarasota/Bradenton International",86,20,4.69,0.74,4.95,0,9.62,0,0,1795,698,106,245,0,746
2026,6,UA,United Air Lines Network,STL,"St. Louis, MO: St Louis Lambert International",270,75,16.97,3.85,20.48,0,33.7,2,0,5862,1050,529,936,0,3347
2026,6,UA,United Air Lines Network,STT,"Charlotte Amalie, VI: Cyril E King",76,7,3.18,0,1.55,0,2.28,0,0,236,110,0,48,0,78
2026,6,UA,United Air Lines Network,SYR,"Syracuse, NY: Syracuse Hancock International",112,25,5.47,0.04,10.32,0,9.17,0,1,2287,480,9,481,0,1317
2026,6,UA,United Air Lines Network,TPA,"Tampa, FL: Tampa International",612,129,31.77,8.12,45.38,0,43.73,1,1,9498,1957,1506,2017,0,4018
2026,6,UA,United Air Lines Network,TUL,"Tulsa, OK: Tulsa International",65,25,6.16,1,5.82,0,12.02,0,0,1935,355,186,238,0,1156
2026,6,UA,United Air Lines Network,TUS,"Tucson, AZ: Tucson International",60,22,8.85,0,4.4,0,8.75,0,0,1152,368,0,154,0,630
2026,6,UA,United Air Lines Network,TVC,"Traverse City, MI: Cherry Capital",60,14,2.41,0,2.3,0,9.29,1,1,1303,117,0,101,0,1085
2026,6,UA,United Air Lines Network,TYS,"Knoxville, TN: McGhee Tyson",89,27,8.19,0,7.12,0,11.69,1,0,1963,329,0,327,0,1307
2026,6,UA,United Air Lines Network,XNA,"Fayetteville, AR: Northwest Arkansas National",42,14,0.74,0.32,7.31,0,5.63,0,0,1236,65,83,293,0,795
2026,6,WN,Southwest Airlines,ABQ,"Albuquerque, NM: Albuquerque International Sunport",995,351,129.09,3.78,26.08,0,192.06,4,0,17517,5968,453,1042,0,10054
2026,6,WN,Southwest Airlines,ALB,"Albany, NY: Albany International",329,91,32.04,0.87,5.66,0,52.43,2,0,4526,1073,87,386,0,2980
2026,6,WN,Southwest Airlines,AMA,"Amarillo, TX: Rick Husband Amarillo International",157,64,24.15,0.93,4.94,0,33.98,2,0,3403,946,80,226,0,2151
2026,6,WN,Southwest Airlines,ANC,"Anchorage, AK: Ted Stevens Anchorage International",60,39,12.16,0,6.73,0,20.11,0,0,2068,579,0,390,0,1099
2026,6,WN,Southwest Airlines,ATL,"Atlanta, GA: Hartsfield-Jackson Atlanta International",1309,442,147.28,11.02,49.78,1.26,232.66,11,3,25680,7775,1111,3048,182,13564
2026,6,WN,Southwest Airlines,AUS,"Austin, TX: Austin - Bergstrom International",3460,1221,334.38,15.91,242.69,3.31,624.72,20,7,62889,15049,1236,9078,114,37412
2026,6,WN,Southwest Airlines,BDL,"Hartford, CT: Bradley International",332,90,35.83,1.13,9.74,0.88,42.41,2,0,4945,2156,130,453,38,2168
2026,6,WN,Southwest Airlines,BHM,"Birmingham, AL: Birmingham-Shuttlesworth International",432,157,44.15,1.57,19.97,0,91.3,5,1,8384,1896,114,1043,0,5331
2026,6,WN,Southwest Airlines,BNA,"Nashville, TN: Nashville International",5690,1825,516.63,39.68,338.91,4.42,924.37,32,11,94950,23769,3149,16173,136,51530
2026,6,WN,Southwest Airlines,BOI,"Boise, ID: Boise Air Terminal",467,196,57.71,1.16,16.23,0,120.9,1,0,10456,2617,347,574,0,6918
2026,6,WN,Southwest Airlines,BOS,"Boston, MA: Logan International",722,290,84.85,4.4,73.54,0.37,126.84,3,0,17155,3818,404,4788,16,8129
2026,6,WN,Southwest Airlines,BUF,"Buffalo, NY: Buffalo Niagara International",402,130,56.32,1.94,12.32,0,59.42,4,1,7092,2669,100,622,0,3701
2026,6,WN,Southwest Airlines,BUR,"Burbank, CA: Bob Hope",1469,391,114.34,1.7,22.01,0,251.95,11,1,22719,6655,253,851,0,14795
2026,6,WN,Southwest Airlines,BWI,"Baltimore, MD: Baltimore/Washington International Thurgood Marshall",6234,1445,427.09,38.11,212.29,5.85,761.65,37,34,86698,23902,3718,15913,138,43027
2026,6,WN,Southwest Airlines,BZN,"Bozeman, MT: Bozeman Yellowstone International",229,108,32.68,0.18,19.05,0,56.1,0,0,5458,1633,27,815,0,2983
2026,6,WN,Southwest Airlines,CHS,"Charleston, SC: Charleston AFB/International",387,142,41.81,2.65,19.09,0,78.46,2,0,7745,2209,292,1011,0,4233
2026,6,WN,Southwest Airlines,CLE,"Cleveland, OH: Cleveland-Hopkins International",491,143,52.06,2.49,14.29,0,74.17,5,0,7905,2373,243,799,0,4490
2026,6,WN,Southwest Airlines,CLT,"Charlotte, NC: Charlotte Douglas International",298,107,36.8,2.11,11.41,0.75,55.93,0,1,5703,1484,138,630,59,3392
2026,6,WN,Southwest Airlines,CMH,"Columbus, OH: John Glenn Columbus International",1033,334,105.16,3.81,32.37,1,191.66,4,2,19593,5792,465,1423,16,11897
2026,6,WN,Southwest Airlines,COS,"Colorado Springs, CO: City of Colorado Springs Municipal",376,138,47.17,2.4,10.01,0,78.41,1,0,7859,2729,197,429,0,4504
2026,6,WN,Southwest Airlines,CRP,"Corpus Christi, TX: Corpus Christi International",86,33,10.95,0,0.96,0,21.09,0,0,1384,428,0,45,0,911
2026,6,WN,Southwest Airlines,CVG,"Cincinnati, OH: Cincinnati/Northern Kentucky International",269,92,34.84,1.11,10.18,0.37,45.5,3,0,5243,2143,21,406,10,2663
2026,6,WN,Southwest Airlines,DAL,"Dallas, TX: Dallas Love Field",5874,2116,589.09,49.34,434.08,4.64,1034.84,63,61,123163,30123,4387,23888,245,63611
2026,6,WN,Southwest Airlines,DCA,"Washington, DC: Ronald Reagan Washington National",1344,475,127.42,9.97,152.66,3.11,181.84,10,28,29975,6875,1036,10223,353,11488
2026,6,WN,Southwest Airlines,DEN,"Denver, CO: Denver International",8030,2938,850.67,67.74,672.77,13.43,1332.39,27,52,163463,41851,5427,37314,514,78144
2026,6,WN,Southwest Airlines,DSM,"Des Moines, IA: Des Moines International",151,56,19.1,0,6.31,0,30.59,0,0,3579,954,0,196,0,2429
2026,6,WN,Southwest Airlines,DTW,"Detroit, MI: Detroit Metro Wayne County",382,174,57.6,0.74,14.69,2.27,97.71,3,0,8588,2272,45,656,131,4979
2026,6,WN,Southwest Airlines,ECP,"Panama City, FL: Northwest Florida Beaches International",415,170,53.32,1.43,36.46,0,78.79,3,0,8572,2760,128,1349,0,4335
2026,6,WN,Southwest Airlines,ELP,"El Paso, TX: El Paso International",781,336,112.47,4.05,36.35,1.57,181.56,3,6,17284,5647,313,1654,36,9634
2026,6,WN,Southwest Airlines,EUG,"Eugene, OR: Mahlon Sweet Field",178,80,22.79,0,12.57,0.6,44.04,0,0,4401,1090,0,505,30,2776
2026,6,WN,Southwest Airlines,FAT,"Fresno, CA: Fresno Yosemite International",180,75,21.06,0,1.5,0,52.44,1,0,3357,1003,0,72,0,2282
2026,6,WN,Southwest Airlines,FLL,"Fort Lauderdale, FL: Fort Lauderdale-Hollywood International",863,289,114.35,2.82,28.49,1.73,141.61,3,0,17392,6506,248,1433,70,9135
2026,6,WN,Southwest Airlines,GEG,"Spokane, WA: Spokane International",352,158,58.67,1.38,19.35,0,78.6,2,0,6912,2577,100,659,0,3576
2026,6,WN,Southwest Airlines,GRR,"Grand Rapids, MI: Gerald R. Ford International",189,81,32.18,0,13.69,0,35.13,2,0,3720,1544,0,382,0,1794
2026,6,WN,Southwest Airlines,GSP,"Greer, SC: Greenville-Spartanburg International",150,58,24.17,1.92,1.49,0,30.42,1,0,3887,1239,119,33,0,2496
2026,6,WN,Southwest Airlines,HDN,"Hayden, CO: Yampa Valley",30,11,4.84,0,0.2,0,5.96,0,0,830,362,0,5,0,463
2026,6,WN,Southwest Airlines,HNL,"Honolulu, HI: Daniel K Inouye International",1092,125,44.97,0,21.28,1,56.75,2,1,5727,2522,0,554,17,2507
2026,6,WN,Southwest Airlines,HOU,"Houston, TX: William P Hobby",4186,1390,414.94,26.49,273.69,3.28,671.6,26,7,73547,21600,2127,12182,119,37519
2026,6,WN,Southwest Airlines,HRL,"Harlingen/San Benito, TX: Valley International",203,74,25.26,1,5.08,0.72,41.94,0,0,4694,1738,257,208,43,2448
2026,6,WN,Southwest Airlines,IAD,"Washington, DC: Washington Dulles International",8,2,0.58,0,0.75,0,0.66,0,0,98,14,0,35,0,49
2026,6,WN,Southwest Airlines,ICT,"Wichita, KS: Wichita Dwight D Eisenhower National",155,65,27.36,2.48,4.66,0,30.5,1,2,4638,1830,407,189,0,2212
2026,6,WN,Southwest Airlines,IND,"Indianapolis, IN: Indianapolis International",1138,347,99.03,4.76,39.18,0.86,202.17,6,2,21094,5404,406,1897,73,13048
2026,6,WN,Southwest Airlines,ISP,"Islip, NY: Long Island MacArthur",229,51,15.41,0.81,2.89,1,30.89,2,0,2575,572,17,130,16,1840
2026,6,WN,Southwest Airlines,ITO,"Hilo, HI: Hilo International",150,16,8.99,0,2.63,0,4.37,1,0,527,253,0,82,0,192
2026,6,WN,Southwest Airlines,JAN,"Jackson/Vicksburg, MS: Jackson Medgar Wiley Evers International",90,40,18.48,0.08,1.15,0,20.29,0,0,1606,636,14,35,0,921
2026,6,WN,Southwest Airlines,JAX,"Jacksonville, FL: Jacksonville International",414,170,71.24,2.27,22.75,0.98,72.75,1,2,8555,3497,151,1130,61,3716
2026,6,WN,Southwest Airlines,KOA,"Kona, HI: Ellison Onizuka Kona International at Keahole",244,36,22.1,0,3.06,0,10.84,0,0,1120,672,0,86,0,362
2026,6,WN,Southwest Airlines,LAS,"Las Vegas, NV: Harry Reid International",7298,2258,607.24,30.2,334.98,5.09,1280.49,41,12,123790,26958,2576,18610,282,75364
2026,6,WN,Southwest Airlines,LAX,"Los Angeles, CA: Los Angeles International",2275,986,342.18,9.57,126.39,4.28,503.59,9,2,52235,16127,829,4837,146,30296
2026,6,WN,Southwest Airlines,LBB,"Lubbock, TX: Lubbock Preston Smith International",228,95,30.66,0.72,7.76,1,53.86,3,1,5471,1616,56,399,92,3145
2026,6,WN,Southwest Airlines,LGA,"New York, NY: LaGuardia",984,392,119.46,10.78,124.03,2,135.73,13,32,21844,5969,885,7403,122,7465
2026,6,WN,Southwest Airlines,LGB,"Long Beach, CA: Long Beach Airport",1011,285,105.86,2.22,16.82,0,160.11,4,0,12289,4377,110,746,0,7056
2026,6,WN,Southwest Airlines,LIH,"Lihue, HI: Lihue Airport",244,28,13.94,0,2.09,0,11.97,1,0,951,438,0,81,0,432
2026,6,WN,Southwest Airlines,LIT,"Little Rock, AR: Bill and Hillary Clinton Nat Adams Field",214,89,29.15,0.19,10.36,0,49.29,0,0,4746,1404,17,415,0,2910
2026,6,WN,Southwest Airlines,MAF,"Midland/Odessa, TX: Midland International Air and Space Port",306,112,34.1,4.5,6.92,0,66.48,4,0,6503,1542,379,390,0,4192
2026,6,WN,Southwest Airlines,MCI,"Kansas City, MO: Kansas City International",2171,766,251.59,11.38,113.16,1.95,387.91,18,1,42213,14066,812,4468,85,22782
2026,6,WN,Southwest Airlines,MCO,"Orlando, FL: Orlando International",4437,1229,364.64,33.6,243.83,4.49,581.44,35,60,73803,20516,3451,15180,151,34096
2026,6,WN,Southwest Airlines,MDW,"Chicago, IL: Chicago Midway International",6700,1941,622.43,43.3,332.69,7.05,935.52,94,61,115848,32324,3891,21546,223,57864
2026,6,WN,Southwest Airlines,MEM,"Memphis, TN: Memphis International",378,147,54.32,2.71,17.22,0.89,71.86,2,0,8800,2928,270,827,17,4758
2026,6,WN,Southwest Airlines,MHT,"Manchester, NH: Manchester Boston Regional",240,46,17.11,2.37,3.8,0,22.72,1,0,3547,1316,594,127,0,1510
2026,6,WN,Southwest Airlines,MIA,"Miami, FL: Miami International",453,165,60.61,3.86,26.48,0,74.05,3,1,8542,2966,267,1185,0,4124
2026,6,WN,Southwest Airlines,MKE,"Milwaukee, WI: General Mitchell International",874,321,111.76,8.64,34.5,1.19,164.91,4,4,18077,5499,997,1816,42,9723
2026,6,WN,Southwest Airlines,MSP,"Minneapolis, MN: Minneapolis-St Paul International",491,188,60.68,1.54,31.47,0.88,93.43,6,2,9259,2560,146,1228,57,5268
2026,6,WN,Southwest Airlines,MSY,"New Orleans, LA: Louis Armstrong New Orleans International",1488,513,166.53,8.07,67.01,1.51,269.88,12,2,29158,8996,944,3382,51,15785
2026,6,WN,Southwest Airlines,MTJ,"Montrose/Delta, CO: Montrose Regional",34,14,7.56,0,0.26,0,6.19,0,0,1155,614,0,14,0,527
2026,6,WN,Southwest Airlines,MYR,"Myrtle Beach, SC: Myrtle Beach International",293,93,31.77,2.69,11.31,0.96,46.28,3,0,5886,2144,249,771,53,2669
2026,6,WN,Southwest Airlines,OAK,"Oakland, CA: Oakland International",2232,752,246.54,1.56,51.78,0.87,451.25,4,0,36938,11301,129,1796,36,23676
2026,6,WN,Southwest Airlines,OGG,"Kahului, HI: Kahului Airport",463,52,23.69,0,5.74,0,22.57,0,0,2303,1231,0,167,0,905
2026,6,WN,Southwest Airlines,OKC,"Oklahoma City, OK: Okc Will Rogers International",634,255,70.36,5.26,27.62,0.59,151.16,1,2,15754,3619,607,1210,16,10302
2026,6,WN,Southwest Airlines,OMA,"Omaha, NE: Eppley Airfield",729,294,100.73,3.89,43.51,0.43,145.43,3,0,17011,5320,486,1753,61,9391
2026,6,WN,Southwest Airlines,ONT,"Ontario, CA: Ontario International",1008,368,136.55,1.99,31.58,1.93,195.95,3,0,17257,6124,109,1391,163,9470
2026,6,WN,Southwest Airlines,ORD,"Chicago, IL: Chicago O'Hare International",35,11,4.75,0.32,1.58,0,3.36,0,0,845,422,12,69,0,250
2026,6,WN,Southwest Airlines,ORF,"Norfolk, VA: Norfolk International",338,108,44.47,0.76,11.05,0,50.73,3,0,6146,2333,22,386,0,3170
2026,6,WN,Southwest Airlines,PBI,"West Palm Beach/Palm Beach, FL: Palm Beach International",186,52,18.82,1.43,3.24,0,28.51,0,1,2751,788,52,176,0,1735
2026,6,WN,Southwest Airlines,PDX,"Portland, OR: Portland International",842,383,129.35,2.79,54.08,0,196.78,1,0,19519,5912,389,1978,0,11240
2026,6,WN,Southwest Airlines,PHL,"Philadelphia, PA: Philadelphia International",439,158,48.76,7.44,24.59,0.97,76.24,2,1,10767,2629,970,1836,186,5146
2026,6,WN,Southwest Airlines,PHX,"Phoenix, AZ: Phoenix Sky Harbor International",5221,1802,571.09,20.4,158.32,9.6,1041.59,28,1,92921,25992,2123,7062,342,57187
2026,6,WN,Southwest Airlines,PIT,"Pittsburgh, PA: Pittsburgh International",927,321,105.73,10.22,33.85,0.41,170.8,1,1,19765,6349,871,1738,12,10795
2026,6,WN,Southwest Airlines,PNS,"Pensacola, FL: Pensacola International",331,113,30.43,2.29,19.52,0,60.76,3,0,6085,1477,206,837,0,3565
2026,6,WN,Southwest Airlines,PSP,"Palm Springs, CA: Palm Springs International",142,43,15.73,1.84,1.72,0,23.71,1,0,2380,846,88,88,0,1358
2026,6,WN,Southwest Airlines,PVD,"Providence, RI: Rhode Island Tf Green International",423,102,43.61,1.69,10.52,0,46.18,6,1,6019,2060,326,426,0,3207
2026,6,WN,Southwest Airlines,PWM,"Portland, ME: Portland International Jetport",172,44,14.91,0.98,4.51,0,23.61,3,0,2261,584,242,156,0,1279
2026,6,WN,Southwest Airlines,RDU,"Raleigh/Durham, NC: Raleigh-Durham International",737,234,84.06,1.49,23.85,1.76,122.84,3,1,13392,4765,185,955,40,7447
2026,6,WN,Southwest Airlines,RIC,"Richmond, VA: Richmond International",195,88,31.87,0.86,10.04,0,45.23,2,1,4547,1636,30,440,0,2441
2026,6,WN,Southwest Airlines,RNO,"Reno, NV: Reno/Tahoe International",811,281,95.11,0.81,19.17,0,165.91,7,0,14884,4654,48,798,0,9384
2026,6,WN,Southwest Airlines,ROC,"Rochester, NY: Frederick Douglass Grtr Rochester International",180,66,19.46,1.83,2.83,1,40.88,2,0,3608,997,217,163,25,2206
2026,6,WN,Southwest Airlines,RSW,"Fort Myers, FL: Southwest Florida International",491,155,51.25,3.86,16.97,0,82.92,4,1,8959,2426,279,833,0,5421
2026,6,WN,Southwest Airlines,SAN,"San Diego, CA: San Diego International",3560,1608,408.01,12.04,424.57,2.22,761.16,23,4,81742,19728,839,17246,86,43843
2026,6,WN,Southwest Airlines,SAT,"San Antonio, TX: San Antonio International",1292,523,163.65,8.51,59.19,0.96,290.69,7,10,29552,8910,622,2745,23,17252
2026,6,WN,Southwest Airlines,SAV,"Savannah, GA: Savannah/Hilton Head International",293,84,26.09,0.42,16.04,0,41.44,2,1,4256,1461,36,673,0,2086
2026,6,WN,Southwest Airlines,SBA,"Santa Barbara, CA: Santa Barbara Municipal",159,47,17.58,0,1.79,0,27.64,1,1,2220,849,0,111,0,1260
2026,6,WN,Southwest Airlines,SDF,"Louisville, KY: Louisville Muhammad Ali International",483,154,56.32,3.04,20.8,0,72.84,5,0,8119,2441,276,896,0,4332
2026,6,WN,Southwest Airlines,SEA,"Seattle, WA: Seattle/Tacoma International",920,439,146.47,6.08,96.07,1.18,189.2,3,1,21532,6251,596,3898,38,10749
2026,6,WN,Southwest Airlines,SFO,"San Francisco, CA: San Francisco International",954,715,117.73,13.22,365.66,0,218.38,7,0,45925,7656,865,22342,0,15062
2026,6,WN,Southwest Airlines,SJC,"San Jose, CA: Norman Y. Mineta San Jose International",2295,804,232.41,4.38,61.62,1.19,503.4,17,1,40655,11660,324,2235,25,26184
2026,6,WN,Southwest Airlines,SJU,"San Juan, PR: Luis Munoz Marin International",435,145,59.73,5.92,8.89,0.42,70.03,2,0,9014,3051,776,573,10,4604
2026,6,WN,Southwest Airlines,SLC,"Salt Lake City, UT: Salt Lake City International",926,392,125.37,5.27,34.81,0,226.55,1,0,20447,5858,419,1283,0,12887
2026,6,WN,Southwest Airlines,SMF,"Sacramento, CA: Sacramento International",2774,848,265.96,4.41,57.02,1.9,518.71,7,0,45080,12623,406,2442,167,29442
2026,6,WN,Southwest Airlines,SNA,"Santa Ana, CA: John Wayne Airport-Orange County",1222,344,110.01,0.06,20.2,0,212.73,8,0,15953,5502,5,854,0,9465
2026,6,WN,Southwest Airlines,SRQ,"Sarasota/Bradenton, FL: Sarasota/Bradenton International",310,79,27.65,0.78,7.48,0,43.09,3,1,4434,1582,75,339,0,2438
2026,6,WN,Southwest Airlines,STL,"St. Louis, MO: St Louis Lambert International",3317,955,304.23,22.74,107.93,2.92,517.18,14,11,55383,16772,2118,5775,138,30580
2026,6,WN,Southwest Airlines,STS,"Santa Rosa, CA: Charles M. Schulz - Sonoma County",109,40,9.85,0,6.31,0,23.84,1,0,1937,551,0,204,0,1182
2026,6,WN,Southwest Airlines,STT,"Charlotte Amalie, VI: Cyril E King",38,3,1,0,1,1,0,0,0,79,22,0,31,26,0
2026,6,WN,Southwest Airlines,TPA,"Tampa, FL: Tampa International",1926,570,224.83,8.46,41.25,1.34,294.12,4,1,33341,12866,741,1733,38,17963
2026,6,WN,Southwest Airlines,TUL,"Tulsa, OK: Tulsa International",468,201,66.18,4.65,26.64,0,103.53,2,2,11530,3457,546,1070,0,6457
2026,6,WN,Southwest Airlines,TUS,"Tucson, AZ: Tucson International",336,124,47.1,0.73,6.93,0.2,68.04,0,3,6466,2465,91,282,3,3484
2026,6,WN,Southwest Airlines,TYS,"Knoxville, TN: McGhee Tyson",181,68,26.68,1.13,7.76,0.01,32.42,0,0,4029,1320,152,372,1,2184
2026,6,WN,Southwest Airlines,VPS,"Valparaiso, FL: Eglin AFB Destin Fort Walton Beach",225,83,23.27,2.57,17.68,0,39.47,1,0,4016,986,154,642,0,2234
2026,6,YV,Mesa Airlines Inc.,ABQ,"Albuquerque, NM: Albuquerque International Sunport",58,14,3.46,1.94,6.23,0,2.37,0,0,735,209,128,192,0,206
2026,6,YV,Mesa Airlines Inc.,ATL,"Atlanta, GA: Hartsfield-Jackson Atlanta International",33,4,0,0.47,3.05,0,0.47,0,0,309,0,66,177,0,66
2026,6,YV,Mesa Airlines Inc.,AUS,"Austin, TX: Austin - Bergstrom International",46,11,2.21,1.75,4.13,0,2.9,0,0,504,93,83,146,0,182
2026,6,YV,Mesa Airlines Inc.,BDL,"Hartford, CT: Bradley International",30,6,1.64,2,0.6,0,1.76,0,0,356,74,84,25,0,173
2026,6,YV,Mesa Airlines Inc.,BHM,"Birmingham, AL: Birmingham-Shuttlesworth International",33,9,3.69,0.13,0.51,0,4.67,0,0,698,247,8,31,0,412
2026,6,YV,Mesa Airlines Inc.,BNA,"Nashville, TN: Nashville International",5,1,0,1,0,0,0,0,0,19,0,19,0,0,0
2026,6,YV,Mesa Airlines Inc.,BTV,"Burlington, VT: Patrick Leahy Burlington International",4,0,0,0,0,0,0,0,0,0,0,0,0,0,0
2026,6,YV,Mesa Airlines Inc.,CHS,"Charleston, SC: Charleston AFB/International",51,9,2.07,1.71,4,0,1.22,0,0,496,120,140,107,0,129
2026,6,YV,Mesa Airlines Inc.,CLE,"Cleveland, OH: Cleveland-Hopkins International",4,0,0,0,0,0,0,0,0,0,0,0,0,0,0
2026,6,YV,Mesa Airlines Inc.,CLT,"Charlotte, NC: Charlotte Douglas International",166,44,21.71,0.96,15.94,0,5.38,2,1,2051,972,59,589,0,431
2026,6,YV,Mesa Airlines Inc.,CMH,"Columbus, OH: John Glenn Columbus International",73,10,2.71,0.31,4.73,0,2.25,0,0,419,62,23,131,0,203
2026,6,YV,Mesa Airlines Inc.,COS,"Colorado Springs, CO: City of Colorado Springs Municipal",60,11,6.08,0.42,1.32,0,3.18,0,0,1153,563,89,100,0,401
2026,6,YV,Mesa Airlines Inc.,CRP,"Corpus Christi, TX: Corpus Christi International",56,15,7.64,0,0.06,0,7.3,0,0,763,265,0,4,0,494
2026,6,YV,Mesa Airlines Inc.,CVG,"Cincinnati, OH: Cincinnati/Northern Kentucky International",58,9,2.45,0.09,3.42,0,3.04,0,1,410,103,9,87,0,211
2026,6,YV,Mesa Airlines Inc.,DFW,"Dallas/Fort Worth, TX: Dallas/Fort Worth International",40,15,6.98,0.19,4.78,0,3.05,0,0,1031,445,13,194,0,379
2026,6,YV,Mesa Airlines Inc.,DRO,"Durango, CO: Durango La Plata County",5,1,0,0,1,0,0,0,0,89,0,0,89,0,0
2026,6,YV,Mesa Airlines Inc.,DSM,"Des Moines, IA: Des Moines International",30,9,2.97,0.57,4.12,0,1.34,0,0,413,94,96,140,0,83
2026,6,YV,Mesa Airlines Inc.,DTW,"Detroit, MI: Detroit Metro Wayne County",136,33,14.58,1.06,6.83,0,10.54,2,0,2217,730,78,376,0,1033
2026,6,YV,Mesa Airlines Inc.,ECP,"Panama City, FL: Northwest Florida Beaches International",22,6,2.43,0.33,0.94,0,2.29,0,0,250,107,6,18,0,119
2026,6,YV,Mesa Airlines Inc.,ELP,"El Paso, TX: El Paso International",116,18,7.31,2.46,1.15,0,7.09,0,2,1591,573,199,102,0,717
2026,6,YV,Mesa Airlines Inc.,GRR,"Grand Rapids, MI: Gerald R. Ford International",30,11,3.26,2,4.89,0,0.85,0,0,341,93,107,119,0,22
2026,6,YV,Mesa Airlines Inc.,GSP,"Greer, SC: Greenville-Spartanburg International",59,19,4.32,1,7.64,0,6.03,0,0,1139,258,65,224,0,592
2026,6,YV,Mesa Airlines Inc.,GUC,"Gunnison, CO: Gunnison-Crested Butte Regional",8,3,1.8,0,1.2,0,0,0,0,851,804,0,47,0,0
2026,6,YV,Mesa Airlines Inc.,IAD,"Washington, DC: Washington Dulles International",739,113,24.03,2.4,33.27,0,53.31,11,1,10589,1915,204,3824,0,4646
2026,6,YV,Mesa Airlines Inc.,IAH,"Houston, TX: George Bush Intercontinental/Houston",2398,519,117.59,19.84,228,0,153.58,4,12,41426,10199,2063,14424,0,14740
2026,6,YV,Mesa Airlines Inc.,ICT,"Wichita, KS: Wichita Dwight D Eisenhower National",25,3,1.14,0,0.4,0,1.47,0,0,315,55,0,37,0,223
2026,6,YV,Mesa Airlines Inc.,IND,"Indianapolis, IN: Indianapolis International",77,20,7.16,1.72,3.78,0,7.34,0,1,1339,229,156,154,0,800
2026,6,YV,Mesa Airlines Inc.,JAX,"Jacksonville, FL: Jacksonville International",65,16,8.16,1.95,3.35,0,2.53,0,0,1505,814,169,111,0,411
2026,6,YV,Mesa Airlines Inc.,LFT,"Lafayette, LA: Lafayette Regional Paul Fournet Field",81,16,6.99,1,2.4,0,5.6,0,0,1695,457,82,90,0,1066
2026,6,YV,Mesa Airlines Inc.,LGA,"New York, NY: LaGuardia",59,9,1.22,0,7.78,0,0,5,0,512,152,0,360,0,0
2026,6,YV,Mesa Airlines Inc.,LIT,"Little Rock, AR: Bill and Hillary Clinton Nat Adams Field",30,9,3.21,0,0.8,0,4.99,0,0,849,326,0,63,0,460
2026,6,YV,Mesa Airlines Inc.,MAF,"Midland/Odessa, TX: Midland International Air and Space Port",159,37,12.31,2.7,12.71,0,9.29,0,1,2130,812,283,402,0,633
2026,6,YV,Mesa Airlines Inc.,MCI,"Kansas City, MO: Kansas City International",53,12,2.1,2.41,3.22,0,4.27,0,0,607,74,142,101,0,290
2026,6,YV,Mesa Airlines Inc.,MEM,"Memphis, TN: Memphis International",35,5,1.65,0,0.16,0,3.19,0,0,342,96,0,12,0,234
2026,6,YV,Mesa Airlines Inc.,MFE,"Mission/McAllen/Edinburg, TX: McAllen International",44,10,1.88,0.13,3.16,0,4.83,0,0,824,136,16,146,0,526
2026,6,YV,Mesa Airlines Inc.,MKE,"Milwaukee, WI: General Mitchell International",51,7,2.1,1.48,0.85,0,2.57,0,0,280,90,60,25,0,105
2026,6,YV,Mesa Airlines Inc.,MSP,"Minneapolis, MN: Minneapolis-St Paul International",10,0,0,0,0,0,0,0,0,0,0,0,0,0,0
2026,6,YV,Mesa Airlines Inc.,MSY,"New Orleans, LA: Louis Armstrong New Orleans International",37,5,2.39,0,1,0,1.61,0,0,325,146,0,35,0,144
2026,6,YV,Mesa Airlines Inc.,MTJ,"Montrose/Delta, CO: Montrose Regional",30,3,2,0.15,0.63,0,0.22,0,0,397,276,18,76,0,27
2026,6,YV,Mesa Airlines Inc.,OKC,"Oklahoma City, OK: Okc Will Rogers International",126,21,4.92,2.62,9.37,0,4.08,0,0,1250,303,188,372,0,387
2026,6,YV,Mesa Airlines Inc.,OMA,"Omaha, NE: Eppley Airfield",12,2,1,0,0,0,1,0,0,35,17,0,0,0,18
2026,6,YV,Mesa Airlines Inc.,ORF,"Norfolk, VA: Norfolk International",20,0,0,0,0,0,0,0,1,0,0,0,0,0,0
2026,6,YV,Mesa Airlines Inc.,PHL,"Philadelphia, PA: Philadelphia International",35,4,0.66,1,1.85,0,0.49,0,0,216,36,99,52,0,29
2026,6,YV,Mesa Airlines Inc.,PIT,"Pittsburgh, PA: Pittsburgh International",34,2,2,0,0,0,0,0,0,175,175,0,0,0,0
2026,6,YV,Mesa Airlines Inc.,PNS,"Pensacola, FL: Pensacola International",17,4,1.74,0,1.4,0,0.86,0,0,420,230,0,109,0,81
2026,6,YV,Mesa Airlines Inc.,PVD,"Providence, RI: Rhode Island Tf Green International",81,12,4.9,0,1.78,0,5.31,0,0,602,255,0,115,0,232
2026,6,YV,Mesa Airlines Inc.,RDU,"Raleigh/Durham, NC: Raleigh-Durham International",69,11,3.46,2.44,3.89,0,1.21,0,0,1030,437,359,163,0,71
2026,6,YV,Mesa Airlines Inc.,RIC,"Richmond, VA: Richmond International",29,6,0.43,2,2.66,0,0.92,0,0,390,23,142,83,0,142
2026,6,YV,Mesa Airlines Inc.,SAT,"San Antonio, TX: San Antonio International",70,17,5.28,1.64,6.49,0,3.59,1,2,1013,275,185,253,0,300
2026,6,YV,Mesa Airlines Inc.,SAV,"Savannah, GA: Savannah/Hilton Head International",120,27,9.08,2.96,7,0,7.97,0,0,2580,1411,368,226,0,575
2026,6,YV,Mesa Airlines Inc.,SBN,"South Bend, IN: South Bend International",30,3,0.01,0,1.14,0,1.85,2,0,376,2,0,153,0,221
2026,6,YV,Mesa Airlines Inc.,SDF,"Louisville, KY: Louisville Muhammad Ali International",120,27,10.66,1,3.62,0,11.72,1,0,3069,1149,842,178,0,900
2026,6,YV,Mesa Airlines Inc.,SLC,"Salt Lake City, UT: Salt Lake City International",30,5,2.6,1,1.4,0,0,0,0,116,61,29,26,0,0
2026,6,YV,Mesa Airlines Inc.,STL,"St. Louis, MO: St Louis Lambert International",108,26,7.22,1.02,6.94,0,10.82,1,0,1462,370,63,263,0,766
2026,6,YV,Mesa Airlines Inc.,TUL,"Tulsa, OK: Tulsa International",116,32,12.25,1.29,3.88,0,14.59,0,0,2002,510,230,146,0,1116
2026,6,YV,Mesa Airlines Inc.,TUS,"Tucson, AZ: Tucson International",60,11,5.32,0,2.84,0,2.84,0,0,922,542,0,168,0,212
2026,6,YV,Mesa Airlines Inc.,TVC,"Traverse City, MI: Cherry Capital",6,2,1,0.68,0,0,0.32,0,0,122,17,71,0,0,34
2026,6,YV,Mesa Airlines Inc.,TYS,"Knoxville, TN: McGhee Tyson",118,20,8.37,1,5.65,0,4.98,0,0,1358,516,15,241,0,586
2026,6,YV,Mesa Airlines Inc.,XNA,"Fayetteville, AR: Northwest Arkansas National",58,18,8.04,1.55,1.76,0,6.65,0,0,884,375,42,131,0,336
2026,6,YX,Republic Airline,ABQ,"Albuquerque, NM: Albuquerque International Sunport",31,9,2.98,1,1.17,0,3.85,0,0,817,356,46,34,0,381
2026,6,YX,Republic Airline,ACK,"Nantucket, MA: Nantucket Memorial",184,29,6.73,1,13.69,0,7.59,3,3,1354,363,158,498,0,335
2026,6,YX,Republic Airline,ALB,"Albany, NY: Albany International",1,0,0,0,0,0,0,0,0,0,0,0,0,0,0
2026,6,YX,Republic Airline,ATL,"Atlanta, GA: Hartsfield-Jackson Atlanta International",269,41,8.13,2.96,16.11,0,13.8,10,1,2944,805,359,754,0,1026
2026,6,YX,Republic Airline,AUS,"Austin, TX: Austin - Bergstrom International",4,0,0,0,0,0,0,0,0,0,0,0,0,0,0
2026,6,YX,Republic Airline,AVL,"Asheville, NC: Asheville Regional",75,15,2.95,0.53,7.52,0,4,7,0,726,117,9,376,0,224
2026,6,YX,Republic Airline,AVP,"Scranton/Wilkes-Barre, PA: Wilkes Barre Scranton International",1,0,0,0,0,0,0,0,0,0,0,0,0,0,0
2026,6,YX,Republic Airline,BDL,"Hartford, CT: Bradley International",100,11,4.06,0.01,1.92,0,5.01,2,0,714,247,2,146,0,319
2026,6,YX,Republic Airline,BGR,"Bangor, ME: Bangor International",188,41,6.01,0.58,16.13,0,18.28,4,0,2097,230,79,597,0,1191
2026,6,YX,Republic Airline,BNA,"Nashville, TN: Nashville International",416,72,20.3,1.19,25.59,0,24.92,10,1,5737,1784,175,1431,0,2347
2026,6,YX,Republic Airline,BOS,"Boston, MA: Logan International",3121,534,127.04,30.08,229.59,0.62,146.67,74,1,41114,10026,3134,14630,539,12785
2026,6,YX,Republic Airline,BTV,"Burlington, VT: Patrick Leahy Burlington International",52,3,2,0,1,0,0,0,0,224,141,0,83,0,0
2026,6,YX,Republic Airline,BUF,"Buffalo, NY: Buffalo Niagara International",333,41,10.73,0.18,10.03,0,20.06,12,1,3257,895,28,577,0,1757
2026,6,YX,Republic Airline,BWI,"Baltimore, MD: Baltimore/Washington International Thurgood Marshall",139,29,9.81,0.73,4.9,0,13.56,3,0,1963,469,167,437,0,890
2026,6,YX,Republic Airline,CAE,"Columbia, SC: Columbia Metropolitan",64,10,0.44,0,3.93,0,5.63,6,0,786,23,0,340,0,423
2026,6,YX,Republic Airline,CHA,"Chattanooga, TN: Lovell Field",11,1,0.58,0,0.18,0,0.24,1,0,108,63,0,19,0,26
2026,6,YX,Republic Airline,CHO,"Charlottesville, VA: Charlottesville Albemarle",30,4,0.96,0,2.15,0,0.89,1,0,186,25,0,83,0,78
2026,6,YX,Republic Airline,CHS,"Charleston, SC: Charleston AFB/International",169,16,2.47,0.03,4.75,0,8.75,7,0,1157,61,11,193,0,892
2026,6,YX,Republic Airline,CID,"Cedar Rapids/Iowa City, IA: The Eastern Iowa",26,7,2.94,0.79,2.58,0,0.68,0,0,427,141,31,200,0,55
2026,6,YX,Republic Airline,CLE,"Cleveland, OH: Cleveland-Hopkins International",375,66,13.63,2.75,21.79,0,27.83,9,0,4377,880,460,1211,0,1826
2026,6,YX,Republic Airline,CLT,"Charlotte, NC: Charlotte Douglas International",342,51,21.27,0,17.39,0,12.34,4,2,3385,1451,0,1038,0,896
2026,6,YX,Republic Airline,CMH,"Columbus, OH: John Glenn Columbus International",1122,205,55.89,12.86,58.98,0,77.27,35,2,19099,5215,2164,4361,0,7359
2026,6,9E,Endeavor Air Inc.,ABE,"Allentown/Bethlehem/Easton, PA: Lehigh Valley International",65,17,7.17,0,6.53,0,3.29,1,0,940,300,0,349,0,291
2026,6,9E,Endeavor Air Inc.,ABY,"Albany, GA: Southwest Georgia Regional",90,22,7.54,1,3.32,0,10.14,0,0,1095,321,16,256,0,502
2026,6,9E,Endeavor Air Inc.,AEX,"Alexandria, LA: Alexandria International",90,13,1.75,0.09,1.8,0,9.35,0,0,964,189,11,127,0,637
2026,6,9E,Endeavor Air Inc.,AGS,"Augusta, GA: Augusta Regional at Bush Field",205,35,16.45,2.43,2.29,0,13.82,4,0,2434,766,115,153,0,1400
2026,6,9E,Endeavor Air Inc.,ALB,"Albany, NY: Albany International",99,16,8.09,0,0.12,0,7.79,5,0,1112,701,0,15,0,396
2026,6,9E,Endeavor Air Inc.,ATL,"Atlanta, GA: Hartsfield-Jackson Atlanta International",2980,478,112,33.42,80.49,0,252.09,29,9,44647,14864,3826,4973,0,20984
2026,6,9E,Endeavor Air Inc.,ATW,"Appleton, WI: Appleton International",67,18,6.64,0,2.57,0,8.78,1,0,1448,703,0,58,0,687
2026,6,9E,Endeavor Air Inc.,AUS,"Austin, TX: Austin - Bergstrom International",87,22,13.02,0,3.52,0,5.45,0,0,2073,1438,0,188,0,447
2026,6,9E,Endeavor Air Inc.,AVL,"Asheville, NC: Asheville Regional",94,26,9.39,0.17,5.1,1,10.34,1,0,1711,510,7,330,34,830
2026,6,9E,Endeavor Air Inc.,BGR,"Bangor, ME: Bangor International",120,25,7.37,0.35,3.8,0,13.48,6,0,1321,320,29,166,0,806
2026,6,9E,Endeavor Air Inc.,BHM,"Birmingham, AL: Birmingham-Shuttlesworth International",118,31,11.07,0,8.75,0,11.18,7,0,3238,1862,0,486,0,890
2026,6,9E,Endeavor Air Inc.,BIS,"Bismarck/Mandan, ND: Bismarck Municipal",38,9,2.98,0,1.1,0,4.91,0,0,546,201,0,25,0,320
2026,6,9E,Endeavor Air Inc.,BMI,"Bloomington/Normal, IL: Central Il Regional Airport at Bloomington",90,19,5.62,0.07,4.69,0,8.63,0,0,1978,749,9,195,0,1025
2026,6,9E,Endeavor Air Inc.,BNA,"Nashville, TN: Nashville International",268,63,18.45,1,14.59,0,28.96,17,1,5244,1413,45,789,0,2997
2026,6,9E,Endeavor Air Inc.,BQK,"Brunswick, GA: Brunswick Golden Isles",90,15,4.92,0.37,3.22,0,6.49,2,0,1361,291,63,381,0,626
2026,6,9E,Endeavor Air Inc.,BTR,"Baton Rouge, LA: Baton Rouge Metropolitan/Ryan Field",35,8,4.18,0,1,0,2.82,0,1,589,166,0,59,0,364
2026,6,9E,Endeavor Air Inc.,BTV,"Burlington, VT: Patrick Leahy Burlington International",199,48,24.53,0,9.26,0,14.21,6,0,3339,2146,0,336,0,857
2026,6,9E,Endeavor Air Inc.,BUF,"Buffalo, NY: Buffalo Niagara International",227,55,16.78,1.84,16.2,0,20.18,16,1,3637,1061,81,967,0,1528
2026,6,9E,Endeavor Air Inc.,CAE,"Columbia, SC: Columbia Metropolitan",117,27,13.08,0,6.32,0,7.6,4,0,1809,856,0,363,0,590
2026,6,9E,Endeavor Air Inc.,CHA,"Chattanooga, TN: Lovell Field",215,41,8.08,2.32,11.14,0,19.46,8,0,2834,699,159,381,0,1595
2026,6,9E,Endeavor Air Inc.,CHO,"Charlottesville, VA: Charlottesville Albemarle",147,31,8.54,0.6,7.52,0,14.34,2,0,2804,814,12,488,0,1490
2026,6,9E,Endeavor Air Inc.,CHS,"Charleston, SC: Charleston AFB/International",240,51,15.23,0.58,14.56,0,20.64,8,1,3056,990,18,603,0,1445
2026,6,9E,Endeavor Air Inc.,CID,"Cedar Rapids/Iowa City, IA: The Eastern Iowa",90,36,8.73,0.36,7.3,0,19.61,0,0,3328,1010,23,365,0,1930
2026,6,9E,Endeavor Air Inc.,CLE,"Cleveland, OH: Cleveland-Hopkins International",279,70,20.01,1.18,16.95,0.12,31.74,13,0,5021,1153,19,918,12,2919
2026,6,9E,Endeavor Air Inc.,CLT,"Charlotte, NC: Charlotte Douglas International",208,44,20.01,0,11.89,0,12.1,15,1,2972,1159,0,851,0,962
2026,6,9E,Endeavor Air Inc.,CMH,"Columbus, OH: John Glenn Columbus International",30,12,3.84,0,3.32,0,4.84,0,0,1105,547,0,217,0,341
2026,6,9E,Endeavor Air Inc.,CRW,"Charleston/Dunbar, WV: West Virginia International Yeager",116,27,8.77,0.28,6.57,0,11.38,1,0,1439,324,24,262,0,829
2026,6,9E,Endeavor Air Inc.,CSG,"Columbus, GA: Columbus Airport",84,15,6.41,0,2.07,0,6.52,1,0,1470,846,0,112,0,512
2026,6,9E,Endeavor Air Inc.,CVG,"Cincinnati, OH: Cincinnati/Northern Kentucky International",644,148,29.72,5.3,26.23,0.76,85.98,14,3,12689,2857,373,1765,78,7616
2026,6,9E,Endeavor Air Inc.,CWA,"Mosinee, WI: Central Wisconsin",60,19,6.85,2.39,0.69,0,9.08,0,1,1556,568,289,59,0,640
2026,6,9E,Endeavor Air Inc.,DCA,"Washington, DC: Ronald Reagan Washington National",172,55,8.07,0,33.52,0,13.4,6,0,3971,661,0,2470,0,840
2026,6,9E,Endeavor Air Inc.,DHN,"Dothan, AL: Dothan Regional",90,17,7.41,0,0.39,0,9.2,3,0,1398,483,0,52,0,863
2026,6,9E,Endeavor Air Inc.,DSM,"Des Moines, IA: Des Moines International",236,84,32.93,5.37,16.36,0,29.35,2,1,5597,2082,491,804,0,2220
2026,6,9E,Endeavor Air Inc.,DTW,"Detroit, MI: Detroit Metro Wayne County",1835,343,84.88,10.04,41.34,0,206.74,26,2,31235,11057,819,2859,0,16500
2026,6,9E,Endeavor Air Inc.,ECP,"Panama City, FL: Northwest Florida Beaches International",10,3,0.52,0,1.48,0,1,0,0,218,74,0,94,0,50
2026,6,9E,Endeavor Air Inc.,EVV,"Evansville, IN: Evansville Regional",116,24,12.17,1.58,2,0,8.25,1,0,1834,742,111,154,0,827
2026,6,9E,Endeavor Air Inc.,EWR,"Newark, NJ: Newark Liberty International",131,37,18.55,1,11.98,0,5.47,6,0,4670,2534,24,1695,0,417
2026,6,9E,Endeavor Air Inc.,FAR,"Fargo, ND: Hector International",77,23,6.84,2.87,3.19,0,10.1,1,0,2080,629,184,118,0,1149
2026,6,9E,Endeavor Air Inc.,FAY,"Fayetteville, NC: Fayetteville Regional/Grannis Field",92,13,3.74,1.06,2.32,0,5.88,1,0,965,196,98,106,0,565
2026,6,9E,Endeavor Air Inc.,FWA,"Fort Wayne, IN: Fort Wayne International",90,21,4.16,1.14,10.79,0,4.92,0,0,1045,215,33,402,0,395
2026,6,9E,Endeavor Air Inc.,GRB,"Green Bay, WI: Green Bay Austin Straubel International",22,7,3.08,0,0.53,0,3.39,0,0,353,124,0,27,0,202
2026,6,9E,Endeavor Air Inc.,GRR,"Grand Rapids, MI: Gerald R. Ford International",112,27,11.94,0,5.08,0,9.97,3,0,2528,1063,0,756,0,709
2026,6,9E,Endeavor Air Inc.,GSO,"Greensboro/High Point, NC: Piedmont Triad International",172,41,19.02,0,9.61,0,12.37,10,0,2505,973,0,367,0,1165
2026,6,9E,Endeavor Air Inc.,GSP,"Greer, SC: Greenville-Spartanburg International",157,40,17.41,0,6.05,0,16.54,12,0,2778,1251,0,450,0,1077
2026,6,9E,Endeavor Air Inc.,GTR,"Columbus, MS: Golden Triangle Regional",60,18,9.87,0.74,1.26,0,6.13,1,0,920,456,36,64,0,364
2026,6,9E,Endeavor Air Inc.,HPN,"White Plains, NY: Westchester County",157,32,14.31,1,8.27,0,8.42,3,2,2560,1239,47,522,0,752
2026,6,9E,Endeavor Air Inc.,HSV,"Huntsville, AL: Huntsville International-Carl T Jones Field",145,39,16.19,1.87,8.02,0,12.92,6,2,2868,989,149,417,0,1313
2026,6,9E,Endeavor Air Inc.,IAD,"Washington, DC: Washington Dulles International",30,12,0.74,0,3.85,0,7.41,1,0,1092,54,0,162,0,876
2026,6,9E,Endeavor Air Inc.,ILM,"Wilmington, NC: Wilmington International",84,15,6.83,0,3.36,0,4.81,7,0,802,406,0,110,0,286
2026,6,9E,Endeavor Air Inc.,IND,"Indianapolis, IN: Indianapolis International",263,62,28.2,2.53,10.26,0,21,8,0,5376,2762,117,613,0,1884
2026,6,9E,Endeavor Air Inc.,ITH,"Ithaca/Cortland, NY: Ithaca Tompkins International",60,14,3.63,2.78,1.05,0,6.54,6,0,2732,804,1428,30,0,470
2026,6,9E,Endeavor Air Inc.,JAN,"Jackson/Vicksburg, MS: Jackson Medgar Wiley Evers International",63,15,7.77,0.83,4.21,0,2.19,0,0,935,442,189,186,0,118
2026,6,9E,Endeavor Air Inc.,JAX,"Jacksonville, FL: Jacksonville International",112,33,11.63,1.54,9.62,0,10.22,3,0,1670,606,52,530,0,482
2026,6,9E,Endeavor Air Inc.,JFK,"New York, NY: John F. Kennedy International",1800,433,74.67,8.93,175.26,0,174.15,82,5,38730,9192,1397,14009,0,14132
2026,6,9E,Endeavor Air Inc.,LAN,"Lansing, MI: Capital Region International",35,4,2,0,0,0,2,0,0,295,196,0,0,0,99
2026,6,9E,Endeavor Air Inc.,LEX,"Lexington, KY: Blue Grass",63,11,4.58,0,2.3,0,4.11,3,0,911,222,0,183,0,506
2026,6,9E,Endeavor Air Inc.,LFT,"Lafayette, LA: Lafayette Regional Paul Fournet Field",116,16,4.94,0.1,5.74,0,5.22,0,0,1120,237,7,406,0,470
2026,6,9E,Endeavor Air Inc.,LGA,"New York, NY: LaGuardia",2839,653,137.9,21.7,226.99,0,266.41,184,10,56980,15890,1526,19336,0,20228
2026,6,9E,Endeavor Air Inc.,LIT,"Little Rock, AR: Bill and Hillary Clinton Nat Adams Field",34,12,0.51,1,3.23,0,7.26,4,1,773,30,38,142,0,563
2026,6,9E,Endeavor Air Inc.,MBS,"Saginaw/Bay City/Midland, MI: MBS International",6,1,0,0,0,0,1,0,0,15,0,0,0,0,15
2026,6,9E,Endeavor Air Inc.,MCI,"Kansas City, MO: Kansas City International",92,21,9.03,0,5.64,0,6.33,2,0,1382,692,0,163,0,527
2026,6,9E,Endeavor Air Inc.,MCO,"Orlando, FL: Orlando International",7,1,0,0,1,0,0,0,0,26,0,0,26,0,0
2026,6,9E,Endeavor Air Inc.,MDT,"Harrisburg, PA: Harrisburg International",73,18,10.37,0.7,1.34,0,5.59,1,0,933,596,37,54,0,246
2026,6,9E,Endeavor Air Inc.,MDW,"Chicago, IL: Chicago Midway International",180,59,28.3,1.04,12.28,0,17.38,1,2,4809,2437,67,514,0,1791
2026,6,9E,Endeavor Air Inc.,MEM,"Memphis, TN: Memphis International",43,7,3.88,0,3.12,0,0,0,0,287,226,0,61,0,0
2026,6,9E,Endeavor Air Inc.,MGM,"Montgomery, AL: Montgomery Regional",146,32,17.17,1.89,3.87,0,9.06,1,0,2700,1352,90,149,0,1109
2026,6,9E,Endeavor Air Inc.,MKE,"Milwaukee, WI: General Mitchell International",57,18,3.38,1,5.53,0,8.09,0,0,1484,427,35,380,0,642
2026,6,9E,Endeavor Air Inc.,MLI,"Moline, IL: Quad Cities International",90,20,4.22,1.96,7.64,0,6.18,0,0,1384,170,230,398,0,586
2026,6,9E,Endeavor Air Inc.,MLU,"Monroe, LA: Monroe Regional",90,24,11.9,2.5,3.29,0,6.31,0,1,1265,539,179,159,0,388
2026,6,9E,Endeavor Air Inc.,MOB,"Mobile, AL: Mobile Regional",74,10,7.99,0,0.05,0,1.96,0,1,526,432,0,9,0,85
2026,6,9E,Endeavor Air Inc.,MSN,"Madison, WI: Dane County Regional-Truax Field",113,24,9.52,0.84,6.1,0,7.54,2,0,1904,637,187,321,0,759
2026,6,9E,Endeavor Air Inc.,MSP,"Minneapolis, MN: Minneapolis-St Paul International",1064,298,52.92,9.36,47.37,1,187.35,7,7,27159,6733,1027,2223,43,17133
2026,6,9E,Endeavor Air Inc.,OAJ,"Jacksonville/Camp Lejeune, NC: Albert J Ellis",24,4,0.13,0.03,0.75,0,3.09,0,0,396,9,7,82,0,298
2026,6,9E,Endeavor Air Inc.,OKC,"Oklahoma City, OK: Okc Will Rogers International",59,16,6.33,0.56,5.02,0,4.09,1,0,776,288,10,191,0,287
2026,6,9E,Endeavor Air Inc.,OMA,"Omaha, NE: Eppley Airfield",84,20,4.03,0.01,7.16,0,8.8,5,0,1399,434,1,441,0,523
2026,6,9E,Endeavor Air Inc.,ORD,"Chicago, IL: Chicago O'Hare International",96,20,7.38,0.45,7.37,0,4.8,5,0,1351,444,26,374,0,507
2026,6,9E,Endeavor Air Inc.,ORF,"Norfolk, VA: Norfolk International",230,63,20.68,0,15.66,0,26.67,18,0,4436,1783,0,625,0,2028
2026,6,9E,Endeavor Air Inc.,ORH,"Worcester, MA: Worcester Regional",26,7,1,0,2.81,0,3.19,1,0,460,15,0,127,0,318
2026,6,9E,Endeavor Air Inc.,PIT,"Pittsburgh, PA: Pittsburgh International",123,40,12.35,0,6.6,0,21.04,2,0,3170,1194,0,339,0,1637
2026,6,9E,Endeavor Air Inc.,PNS,"Pensacola, FL: Pensacola International",30,4,3.34,0,0.66,0,0,0,0,159,121,0,38,0,0
2026,6,9E,Endeavor Air Inc.,PVD,"Providence, RI: Rhode Island Tf Green International",16,2,1.71,0,0.29,0,0,0,0,60,50,0,10,0,0
2026,6,9E,Endeavor Air Inc.,PWM,"Portland, ME: Portland International Jetport",109,15,3.18,0,4.24,0,7.58,5,0,1191,233,0,606,0,352
2026,6,9E,Endeavor Air Inc.,RDU,"Raleigh/Durham, NC: Raleigh-Durham International",673,182,31.34,2.46,32,0,116.2,22,0,16902,3070,121,1830,0,11881
2026,6,9E,Endeavor Air Inc.,RIC,"Richmond, VA: Richmond International",236,56,19.13,1.07,10.61,0,25.2,9,0,4169,1660,196,628,0,1685
2026,6,9E,Endeavor Air Inc.,ROA,"Roanoke, VA: Roanoke Blacksburg Regional",114,21,8.91,1,3.98,0,7.11,4,1,1272,375,33,145,0,719
2026,6,9E,Endeavor Air Inc.,ROC,"Rochester, NY: Frederick Douglass Grtr Rochester International",242,49,20.56,0.18,9.34,0.74,18.18,12,0,3444,1151,15,664,43,1571
2026,6,9E,Endeavor Air Inc.,RST,"Rochester, MN: Rochester International",49,22,12.25,1,0.68,0,8.07,0,0,2568,1814,28,62,0,664
2026,6,9E,Endeavor Air Inc.,RSW,"Fort Myers, FL: Southwest Florida International",7,1,1,0,0,0,0,0,0,189,189,0,0,0,0
2026,6,9E,Endeavor Air Inc.,SAV,"Savannah, GA: Savannah/Hilton Head International",163,47,11.4,0,20.92,0,14.68,10,1,2731,749,0,942,0,1040
2026,6,9E,Endeavor Air Inc.,SDF,"Louisville, KY: Louisville Muhammad Ali International",145,58,22.81,1.11,14.65,0,19.43,3,1,4033,1466,33,791,0,1743
2026,6,9E,Endeavor Air Inc.,SGF,"Springfield, MO: Springfield-Branson National",53,11,4.36,0,4.48,0,2.16,0,0,298,142,0,105,0,51
2026,6,9E,Endeavor Air Inc.,SHV,"Shreveport, LA: Shreveport Regional",27,1,0.76,0,0.24,0,0,0,0,25,19,0,6,0,0
2026,6,9E,Endeavor Air Inc.,STL,"St. Louis, MO: St Louis Lambert International",147,41,14.88,0,11.46,0,14.66,7,0,2591,1005,0,545,0,1041
2026,6,9E,Endeavor Air Inc.,SYR,"Syracuse, NY: Syracuse Hancock International",159,36,6.07,0,6.32,0,23.61,9,1,2003,312,0,378,0,1313
2026,6,9E,Endeavor Air Inc.,TLH,"Tallahassee, FL: Tallahassee International",7,0,0,0,0,0,0,0,0,0,0,0,0,0,0
2026,6,9E,Endeavor Air Inc.,TRI,"Bristol/Johnson City/Kingsport, TN: Tri Cities",88,8,3.47,0.19,0.05,0,4.29,5,0,482,96,59,14,0,313
2026,6,9E,Endeavor Air Inc.,TUL,"Tulsa, OK: Tulsa International",33,11,3.75,0.01,4.32,0,2.92,2,0,875,390,1,337,0,147
2026,6,9E,Endeavor Air Inc.,TVC,"Traverse City, MI: Cherry Capital",42,15,5.17,0,5,0,4.83,0,1,841,324,0,158,0,359
2026,6,9E,Endeavor Air Inc.,TYS,"Knoxville, TN: McGhee Tyson",345,80,32.6,2.29,15.22,0,29.89,5,0,6241,2615,167,1035,0,2424
2026,6,9E,Endeavor Air Inc.,VLD,"Valdosta, GA: Valdosta Regional",90,24,9.46,0.63,3.42,1,9.5,1,0,1178,413,57,232,16,460
2026,6,9E,Endeavor Air Inc.,VPS,"Valparaiso, FL: Eglin AFB Destin Fort Walton Beach",8,1,0.34,0,0.66,0,0,0,0,70,24,0,46,0,0
2026,6,9E,Endeavor Air Inc.,XNA,"Fayetteville, AR: Northwest Arkansas National",193,39,17.76,1,13.23,0,7.02,3,0,2466,952,106,621,0,787
2026,6,AA,American Airlines Network,ABQ,"Albuquerque, NM: Albuquerque International Sunport",267,97,37.9,4.6,10.35,0,44.15,10,0,6940,2295,590,382,0,3673
2026,6,AA,American Airlines Network,ALB,"Albany, NY: Albany International",146,46,14.68,2,5.93,0,23.39,3,0,3970,1080,196,322,0,2372
2026,6,AA,American Airlines Network,AMA,"Amarillo, TX: Rick Husband Amarillo International",31,21,10.62,2.28,1.65,0,6.45,3,0,2136,1114,207,91,0,724
2026,6,AA,American Airlines Network,ANC,"Anchorage, AK: Ted Stevens Anchorage International",120,53,22.06,3.97,14.88,0,12.09,0,2,4494,1148,560,598,0,2188
2026,6,AA,American Airlines Network,ATL,"Atlanta, GA: Hartsfield-Jackson Atlanta International",616,218,74.81,9.71,30.46,0,103.01,19,0,17204,5582,1339,2173,0,8110
2026,6,AA,American Airlines Network,AUS,"Austin, TX: Austin - Bergstrom International",951,344,112.25,11.59,55.83,1.38,162.95,28,2,33586,11196,2817,3306,230,16037
2026,6,AA,American Airlines Network,AVL,"Asheville, NC: Asheville Regional",60,28,11.64,0.75,2.69,0,12.92,1,2,3195,1209,165,261,0,1560
2026,6,AA,American Airlines Network,AVP,"Scranton/Wilkes-Barre, PA: Wilkes Barre Scranton International",26,6,1.38,0,0,0,4.62,1,0,360,47,0,0,0,313
2026,6,AA,American Airlines Network,BDL,"Hartford, CT: Bradley International",295,95,37.75,5.59,8.78,0,42.88,8,2,7120,2678,625,593,0,3224
2026,6,AA,American Airlines Network,BFL,"Bakersfield, CA: Meadows Field",102,28,7.86,0.05,2.13,0,17.97,3,0,2482,934,8,45,0,1495
2026,6,AA,American Airlines Network,BGR,"Bangor, ME: Bangor International",94,18,6.81,0,1.82,0,9.37,2,0,746,305,0,86,0,355
2026,6,AA,American Airlines Network,BHM,"Birmingham, AL: Birmingham-Shuttlesworth International",79,26,11.93,1.79,1.59,0,10.7,3,0,2689,1624,193,42,0,830
2026,6,AA,American Airlines Network,BNA,"Nashville, TN: Nashville International",851,302,84.39,12.87,56.24,0.03,148.47,25,3,22952,6926,1605,2846,3,11572
2026,6,AA,American Airlines Network,BOI,"Boise, ID: Boise Air Terminal",120,54,18.38,2.23,11.38,0,22.02,5,0,3519,1117,127,524,0,1751
2026,6,AA,American Airlines Network,BOS,"Boston, MA: Logan International",1596,455,119.17,21.32,110.99,0,203.51,38,1,39198,10611,2649,6537,0,19401
2026,6,AA,American Airlines Network,BTV,"Burlington, VT: Patrick Leahy Burlington International",19,2,1.52,0,0,0,0.48,0,0,47,32,0,0,0,15
2026,6,AA,American Airlines Network,BUF,"Buffalo, NY: Buffalo Niagara International",209,78,18.31,4.54,7.63,0,47.52,5,0,6185,1102,365,320,0,4398
2026,6,AA,American Airlines Network,BUR,"Burbank, CA: Bob Hope",60,23,10.26,1.22,1.83,0,9.69,3,0,1418,632,161,75,0,550
2026,6,AA,American Airlines Network,BWI,"Baltimore, MD: Baltimore/Washington International Thurgood Marshall",284,89,25.64,2.62,14.4,0.41,45.93,6,1,7991,2197,199,837,14,4744
2026,6,AA,American Airlines Network,BZN,"Bozeman, MT: Bozeman Yellowstone International",171,50,14.85,1.79,16.23,0,17.13,4,0,3534,732,462,838,0,1502
2026,6,AA,American Airlines Network,CHA,"Chattanooga, TN: Lovell Field",51,27,7.77,0.99,0.54,0,17.7,4,0,2602,428,208,76,0,1890
2026,6,AA,American Airlines Network,CHS,"Charleston, SC: Charleston AFB/International",403,136,32.98,4.39,22.75,0,75.88,10,0,10259,2675,432,1179,0,5973
2026,6,AA,American Airlines Network,CID,"Cedar Rapids/Iowa City, IA: The Eastern Iowa",91,29,9.13,2.01,2.72,0,15.14,2,1,2256,507,258,150,0,1341
2026,6,AA,American Airlines Network,CLE,"Cleveland, OH: Cleveland-Hopkins International",410,143,43.62,10.01,17.12,0,72.25,9,2,11118,3252,929,1257,0,5680
2026,6,AA,American Airlines Network,CLT,"Charlotte, NC: Charlotte Douglas International",9388,1813,529.08,94.26,251.12,3.11,935.43,120,33,183753,69386,9723,15431,250,88963
2026,6,AA,American Airlines Network,CMH,"Columbus, OH: John Glenn Columbus International",377,105,34.82,4.52,12.43,0,53.23,10,0,7370,2116,584,777,0,3893
2026,6,AA,American Airlines Network,COS,"Colorado Springs, CO: City of Colorado Springs Municipal",91,45,16.09,3.63,2.71,0,22.57,5,0,3393,1404,312,157,0,1520
2026,6,AA,American Airlines Network,CVG,"Cincinnati, OH: Cincinnati/Northern Kentucky International",287,104,30.63,6.13,9.69,0,57.55,8,2,8077,2216,879,453,0,4529
2026,6,AA,American Airlines Network,DCA,"Washington, DC: Ronald Reagan Washington National",2084,542,121.94,33.7,167.96,0.53,217.87,47,17,46791,10210,3272,12088,9,21212
2026,6,AA,American Airlines Network,DEN,"Denver, CO: Denver International",805,308,97.66,12.75,74.89,1,121.7,21,6,21089,6361,1425,3515,56,9732
2026,6,AA,American Airlines Network,DFW,"Dallas/Fort Worth, TX: Dallas/Fort Worth International",14400,4171,1047.08,242.81,868.17,4.15,2008.8,722,232,468328,139161,42844,64498,267,221558
2026,6,AA,American Airlines Network,DSM,"Des Moines, IA: Des Moines International",211,87,37.67,2.73,8.77,0,37.83,8,0,7648,2602,310,378,0,4358
2026,6,AA,American Airlines Network,DTW,"Detroit, MI: Detroit Metro Wayne County",392,140,47.43,10.4,19.91,0,62.26,6,1,9736,3393,1516,733,0,4094
2026,6,AA,American Airlines Network,ECP,"Panama City, FL: Northwest Florida Beaches International",30,14,3.16,0,2.01,0,8.83,2,0,1249,145,0,159,0,945
2026,6,AA,American Airlines Network,EGE,"Eagle, CO: Eagle County Regional",73,31,8.96,1.57,3.63,0,16.84,1,0,2118,499,149,175,0,1295
2026,6,AA,American Airlines Network,ELP,"El Paso, TX: El Paso International",135,49,15.99,3.61,2.81,0,26.59,5,1,4013,1188,264,68,0,2493
2026,6,AA,American Airlines Network,EWR,"Newark, NJ: Newark Liberty International",607,210,48.6,10.04,60.62,1.11,89.62,12,2,17632,3053,1334,5442,71,7732
2026,6,AA,American Airlines Network,EYW,"Key West, FL: Key West International",117,35,10.76,0.96,5.69,0.22,17.37,1,2,3208,762,65,544,13,1824
2026,6,AA,American Airlines Network,FAT,"Fresno, CA: Fresno Yosemite International",200,89,35.3,5.26,6.88,0,41.55,6,0,7116,2703,482,666,0,3265
2026,6,AA,American Airlines Network,FCA,"Kalispell, MT: Glacier Park International",125,42,12.98,1.5,12.48,0,15.05,0,0,2204,590,97,445,0,1072
2026,6,AA,American Airlines Network,FLG,"Flagstaff, AZ: Flagstaff Pulliam",30,10,2.89,0.09,2,0,5.03,4,0,506,112,10,56,0,328
2026,6,AA,American Airlines Network,FLL,"Fort Lauderdale, FL: Fort Lauderdale-Hollywood International",674,205,66.48,7.11,38.11,0,93.3,17,0,15490,4783,1201,1867,0,7639
2026,6,AA,American Airlines Network,FSD,"Sioux Falls, SD: Joe Foss Field",60,31,12.63,3.25,2.75,0,12.37,5,0,3650,1297,514,213,0,1626
2026,6,AA,American Airlines Network,GEG,"Spokane, WA: Spokane International",147,41,11.58,0.48,5.98,0,22.96,2,0,2860,602,93,265,0,1900
2026,6,AA,American Airlines Network,GRR,"Grand Rapids, MI: Gerald R. Ford International",217,83,37.38,2.87,6.42,0,36.33,10,0,6486,2586,359,272,0,3269
2026,6,AA,American Airlines Network,GSO,"Greensboro/High Point, NC: Piedmont Triad International",145,62,16.7,1.79,3.81,0,39.71,7,0,4528,1232,146,199,0,2951
2026,6,AA,American Airlines Network,GSP,"Greer, SC: Greenville-Spartanburg International",60,21,5.14,3.7,1.97,0,10.18,4,0,1684,269,490,108,0,817
2026,6,AA,American Airlines Network,GUC,"Gunnison, CO: Gunnison-Crested Butte Regional",13,3,0.11,0.06,0.01,0,2.82,1,0,332,24,2,2,0,304
2026,6,AA,American Airlines Network,HNL,"Honolulu, HI: Daniel K Inouye International",240,63,24.29,2,18.59,0,18.12,0,1,4538,2577,163,683,0,1115
2026,6,AA,American Airlines Network,HSV,"Huntsville, AL: Huntsville International-Carl T Jones Field",60,27,8.15,0.64,0.24,0,17.98,3,0,3276,815,101,14,0,2346
2026,6,AA,American Airlines Network,IAD,"Washington, DC: Washington Dulles International",180,62,18.1,4.38,12.04,0,27.48,4,0,5307,2000,327,848,0,2132
2026,6,AA,American Airlines Network,IAH,"Houston, TX: George Bush Intercontinental/Houston",755,286,81.24,15.99,73.75,0.58,114.44,20,2,24694,6935,2089,3916,11,11743
2026,6,AA,American Airlines Network,ICT,"Wichita, KS: Wichita Dwight D Eisenhower National",31,14,5.36,0.82,0.42,0,7.41,2,1,1950,559,43,30,0,1318
2026,6,AA,American Airlines Network,ILM,"Wilmington, NC: Wilmington International",189,61,23.35,4.31,3.66,0,29.69,5,0,4896,1113,1006,146,0,2631
2026,6,AA,American Airlines Network,IND,"Indianapolis, IN: Indianapolis International",627,190,51.3,7.92,27.16,1,102.62,16,3,17478,4106,1449,1274,46,10603
2026,6,AA,American Airlines Network,JAC,"Jackson, WY: Jackson Hole",201,69,27.55,5.29,17.71,0,18.45,4,1,5633,1873,416,824,0,2520
2026,6,AA,American Airlines Network,JAX,"Jacksonville, FL: Jacksonville International",616,213,64.68,10.77,41.2,0.11,96.25,13,4,15957,4274,1447,1927,8,8301
2026,6,AA,American Airlines Network,JFK,"New York, NY: John F. Kennedy International",1373,418,86.21,30.4,172.4,2.06,126.93,27,15,41244,9925,2828,13289,126,15076
2026,6,AA,American Airlines Network,KOA,"Kona, HI: Ellison Onizuka Kona International at Keahole",60,7,2.01,0,2.86,0,2.13,0,1,357,104,0,141,0,112
2026,6,AA,American Airlines Network,LAS,"Las Vegas, NV: Harry Reid International",1139,399,121.89,18.44,77.06,1.84,179.77,25,0,28523,7811,1828,3832,54,14998
2026,6,AA,American Airlines Network,LAX,"Los Angeles, CA: Los Angeles International",2754,787,275.16,34.24,158.81,0.84,317.96,38,3,71084,26818,3513,6582,112,34059
2026,6,AA,American Airlines Network,LEX,"Lexington, KY: Blue Grass",1,0,0,0,0,0,0,0,0,0,0,0,0,0,0
2026,6,AA,American Airlines Network,LGA,"New York, NY: LaGuardia",1442,456,98.23,19.78,142.26,0,195.73,67,24,42949,8581,2100,11329,0,20939
2026,6,AA,American Airlines Network,LIH,"Lihue, HI: Lihue Airport",90,15,4.18,0,2.43,0,8.39,0,1,642,167,0,43,0,432
2026,6,AA,American Airlines Network,LIT,"Little Rock, AR: Bill and Hillary Clinton Nat Adams Field",1,1,0.09,0,0.91,0,0,0,0,32,3,0,29,0,0
2026,6,AA,American Airlines Network,MCI,"Kansas City, MO: Kansas City International",425,133,38.35,8.8,18.88,0.63,66.34,5,2,10698,2790,904,961,76,5967
2026,6,AA,American Airlines Network,MCO,"Orlando, FL: Orlando International",1666,591,165.25,21.16,149.34,0,255.25,18,18,52403,13766,2725,9113,0,26799
2026,6,AA,American Airlines Network,MDT,"Harrisburg, PA: Harrisburg International",60,25,5.94,1.1,2.25,0,15.71,3,0,3210,1162,66,214,0,1768
2026,6,AA,American Airlines Network,MEM,"Memphis, TN: Memphis International",228,87,37.75,2.51,14.75,0,31.99,7,0,5134,2073,226,750,0,2085
2026,6,AA,American Airlines Network,MFE,"Mission/McAllen/Edinburg, TX: McAllen International",100,45,18.44,2.62,1.81,0.14,21.98,6,0,4590,1522,404,107,5,2552
2026,6,AA,American Airlines Network,MIA,"Miami, FL: Miami International",5363,1223,415.76,54.54,221.81,3.6,527.3,50,21,122611,45429,6499,10614,178,59891
2026,6,AA,American Airlines Network,MKE,"Milwaukee, WI: General Mitchell International",203,68,20.18,4.83,5.43,0,37.56,7,3,6034,1139,444,182,0,4269
2026,6,AA,American Airlines Network,MRY,"Monterey, CA: Monterey Regional",57,9,2.16,0,1.83,0,5.01,2,0,602,155,0,94,0,353
2026,6,AA,American Airlines Network,MSN,"Madison, WI: Dane County Regional-Truax Field",180,58,20.45,4.76,5.54,0,27.25,3,1,5508,2109,740,181,0,2478
2026,6,AA,American Airlines Network,MSO,"Missoula, MT: Missoula Montana",30,12,4.16,0.52,1.56,0,5.76,1,0,1311,392,55,49,0,815
2026,6,AA,American Airlines Network,MSP,"Minneapolis, MN: Minneapolis-St Paul International",350,114,46.75,7.21,16.26,0,43.77,10,1,8829,3189,861,595,0,4184
2026,6,AA,American Airlines Network,MSY,"New Orleans, LA: Louis Armstrong New Orleans International",612,215,59.3,12.46,37.76,1,104.48,14,2,17666,3609,1794,2390,33,9840
2026,6,AA,American Airlines Network,MTJ,"Montrose/Delta, CO: Montrose Regional",30,10,4.54,0.19,0,0,5.26,1,0,987,420,29,0,0,538
2026,6,AA,American Airlines Network,MYR,"Myrtle Beach, SC: Myrtle Beach International",141,40,11.44,4.01,2.24,0,22.31,1,0,4671,1619,760,144,0,2148
2026,6,AA,American Airlines Network,OGG,"Kahului, HI: Kahului Airport",158,26,7.79,1.67,6.6,0,9.94,0,1,2141,543,103,217,0,1278
2026,6,AA,American Airlines Network,OKC,"Oklahoma City, OK: Okc Will Rogers International",184,73,23.67,6.24,4.76,0.05,38.29,5,0,5690,1979,547,301,4,2859
2026,6,AA,American Airlines Network,OMA,"Omaha, NE: Eppley Airfield",312,110,41.73,7.09,18.86,0,42.31,10,1,9112,3298,900,836,0,4078
2026,6,AA,American Airlines Network,ONT,"Ontario, CA: Ontario International",296,100,40.41,5.35,8.32,0,45.92,10,0,7565,2340,627,368,0,4230
2026,6,AA,American Airlines Network,ORD,"Chicago, IL: Chicago O'Hare International",5851,1741,383.67,108.03,586.52,2.22,660.56,212,45,173605,44552,16287,45823,79,66864
2026,6,AA,American Airlines Network,ORF,"Norfolk, VA: Norfolk International",252,88,30.19,3.04,9.26,0,45.51,8,2,6528,1702,205,573,0,4048
2026,6,AA,American Airlines Network,PBI,"West Palm Beach/Palm Beach, FL: Palm Beach International",418,112,40.85,3.18,11.9,0,56.07,11,4,9743,2714,424,569,0,6036
2026,6,AA,American Airlines Network,PDX,"Portland, OR: Portland International",483,196,67.48,8.48,27.07,1.76,91.21,15,2,15217,4951,1049,1173,103,7941
2026,6,AA,American Airlines Network,PHL,"Philadelphia, PA: Philadelphia International",4707,1039,298.55,63.32,206.68,1.52,468.93,98,7,107254,29998,7753,13572,152,55779
2026,6,AA,American Airlines Network,PHX,"Phoenix, AZ: Phoenix Sky Harbor International",4900,1190,383.24,50.87,163.97,3.64,588.29,40,1,109786,40557,5138,7362,109,56620
2026,6,AA,American Airlines Network,PIT,"Pittsburgh, PA: Pittsburgh International",586,163,45.93,12.43,16.29,0,88.35,9,3,15241,3923,1646,969,0,8703
2026,6,AA,American Airlines Network,PNS,"Pensacola, FL: Pensacola International",130,49,15.42,2.19,8.84,0,22.55,5,0,3587,841,277,618,0,1851
2026,6,AA,American Airlines Network,PSP,"Palm Springs, CA: Palm Springs International",123,30,12.82,1.61,0.45,0,15.12,5,0,1835,564,223,51,0,997
2026,6,AA,American Airlines Network,PVD,"Providence, RI: Rhode Island Tf Green International",180,46,10.48,1.5,6.89,0,27.13,9,0,3731,833,131,343,0,2424
2026,6,AA,American Airlines Network,PVU,"Provo, UT: Provo Municipal",9,4,0.43,0.21,1.51,0,1.86,0,0,442,34,60,104,0,244
2026,6,AA,American Airlines Network,PWM,"Portland, ME: Portland International Jetport",226,45,16.27,1.4,4.75,0,22.58,3,2,3880,1277,95,217,0,2291
2026,6,AA,American Airlines Network,RDU,"Raleigh/Durham, NC: Raleigh-Durham International",899,297,97,12.51,46.67,0,140.82,24,0,26687,7084,1527,2696,0,15380
2026,6,AA,American Airlines Network,RIC,"Richmond, VA: Richmond International",286,89,25.69,5.45,8.53,0.55,48.77,6,2,6625,1621,763,491,22,3728
2026,6,AA,American Airlines Network,RNO,"Reno, NV: Reno/Tahoe International",176,63,25.81,4.6,7.76,0,24.83,7,1,3724,960,453,311,0,2000
2026,6,AA,American Airlines Network,ROC,"Rochester, NY: Frederick Douglass Grtr Rochester International",54,17,4.71,2.21,2.16,0,7.92,0,1,1563,402,188,97,0,876
2026,6,AA,American Airlines Network,RSW,"Fort Myers, FL: Southwest Florida International",465,137,36.8,6.25,23.46,0,70.49,11,3,10505,3099,600,931,0,5875
2026,6,AA,American Airlines Network,SAN,"San Diego, CA: San Diego International",859,334,106.86,15.37,65.3,0,146.46,18,1,23812,7594,1423,3220,0,11575
2026,6,AA,American Airlines Network,SAT,"San Antonio, TX: San Antonio International",610,233,90.34,13.05,26.64,0.18,102.79,21,1,25450,9579,2018,1566,32,12255
2026,6,AA,American Airlines Network,SAV,"Savannah, GA: Savannah/Hilton Head International",141,49,15.06,1.14,6.22,0,26.57,5,0,3065,888,98,281,0,1798
2026,6,AA,American Airlines Network,SBA,"Santa Barbara, CA: Santa Barbara Municipal",72,18,6.61,0.14,1.93,0,9.32,0,0,1488,371,51,60,0,1006
2026,6,AA,American Airlines Network,SBP,"San Luis Obispo, CA: San Luis Obispo County Regional",90,15,5.1,0.16,0.78,0,8.96,0,0,1128,388,14,67,0,659
2026,6,AA,American Airlines Network,SDF,"Louisville, KY: Louisville Muhammad Ali International",166,70,24.5,2.97,6.8,0.04,35.69,7,0,7090,2719,450,245,4,3672
2026,6,AA,American Airlines Network,SEA,"Seattle, WA: Seattle/Tacoma International",706,277,99.06,15.12,68.62,1,93.2,13,1,18676,6092,1189,2910,49,8436
2026,6,AA,American Airlines Network,SFO,"San Francisco, CA: San Francisco International",1154,611,126.54,17.94,275.92,1.35,189.24,24,2,42829,9366,1994,13724,140,17605
2026,6,AA,American Airlines Network,SJC,"San Jose, CA: Norman Y. Mineta San Jose International",172,56,24.83,3.34,3.36,0,24.48,3,0,5613,1673,752,136,0,3052
2026,6,AA,American Airlines Network,SJU,"San Juan, PR: Luis Munoz Marin International",390,101,44.56,7.81,13.06,0,35.56,0,0,8942,4078,1352,598,0,2914
2026,6,AA,American Airlines Network,SLC,"Salt Lake City, UT: Salt Lake City International",404,145,48.83,7.87,19.87,0,68.43,14,0,14090,5681,754,1206,0,6449
2026,6,AA,American Airlines Network,SMF,"Sacramento, CA: Sacramento International",274,123,40.93,4.97,10.51,0,66.59,9,1,9294,2480,494,516,0,5804
2026,6,AA,American Airlines Network,SNA,"Santa Ana, CA: John Wayne Airport-Orange County",582,160,56.83,7.51,43.79,0.71,51.16,14,2,11365,5013,683,1565,12,4092
2026,6,AA,American Airlines Network,SRQ,"Sarasota/Bradenton, FL: Sarasota/Bradenton International",148,34,7.27,2.98,5.52,0,18.24,1,0,2290,288,309,202,0,1491
2026,6,AA,American Airlines Network,STL,"St. Louis, MO: St Louis Lambert International",525,156,50.63,8.54,18.28,0,78.55,18,3,13231,4236,832,1151,0,7012
2026,6,AA,American Airlines Network,STS,"Santa Rosa, CA: Charles M. Schulz - Sonoma County",30,11,2.38,0.58,2.78,0,5.27,0,1,968,171,47,129,0,621
2026,6,AA,American Airlines Network,STT,"Charlotte Amalie, VI: Cyril E King",187,34,12.72,2.76,5.99,0,12.53,0,1,3368,762,167,284,0,2155
2026,6,AA,American Airlines Network,STX,"Christiansted, VI: Henry E. Rohlsen",64,13,6.72,0,0.84,0,5.44,0,0,613,287,0,27,0,299
2026,6,AA,American Airlines Network,SYR,"Syracuse, NY: Syracuse Hancock International",115,40,11.67,2.23,6.53,0,19.56,4,0,2700,871,147,197,0,1485
2026,6,AA,American Airlines Network,TPA,"Tampa, FL: Tampa International",1096,352,122.87,13.76,47.68,0.14,167.55,23,0,24464,7679,1164,2102,11,13508
2026,6,AA,American Airlines Network,TUL,"Tulsa, OK: Tulsa International",201,84,26.6,8.3,5.92,0.24,42.94,8,0,9233,3322,1218,329,39,4325
2026,6,AA,American Airlines Network,TUS,"Tucson, AZ: Tucson International",259,93,39.8,3.02,6.7,0,43.48,16,1,7956,3084,751,326,0,3795
2026,6,AA,American Airlines Network,TVC,"Traverse City, MI: Cherry Capital",30,10,5.43,0.05,0.06,0,4.46,0,0,753,361,9,10,0,373
2026,6,AA,American Airlines Network,TYS,"Knoxville, TN: McGhee Tyson",141,69,23.48,3.14,6.68,0,35.69,9,0,5433,1557,292,370,0,3214
2026,6,AA,American Airlines Network,VPS,"Valparaiso, FL: Eglin AFB Destin Fort Walton Beach",242,100,21.99,2.08,18.51,0,57.42,11,0,7198,1445,245,1228,0,4280
2026,6,AA,American Airlines Network,XNA,"Fayetteville, AR: Northwest Arkansas National",187,63,18.33,1.83,9.18,0,33.65,7,1,5805,1409,214,584,0,3598
2026,6,AS,Alaska Airlines Network,ABQ,"Albuquerque, NM: Albuquerque International Sunport",60,13,6.47,0,1,0,5.53,0,0,342,165,0,24,0,153
2026,6,AS,Alaska Airlines Network,ADK,"Adak Island, AK: Adak",8,0,0,0,0,0,0,0,0,0,0,0,0,0,0
2026,6,AS,Alaska Airlines Network,ADQ,"Kodiak, AK: Kodiak Airport",90,9,1.08,2,1,0,4.92,1,0,423,22,130,19,0,252
2026,6,AS,Alaska Airlines Network,AKN,"King Salmon, AK: King Salmon Airport",36,8,4.98,0,0.02,0,3,0,1,261,136,0,1,0,124
2026,6,AS,Alaska Airlines Network,ANC,"Anchorage, AK: Ted Stevens Anchorage International",1567,242,75.87,6.55,47.62,1.81,110.15,12,3,11110,3973,349,1434,49,5305
2026,6,AS,Alaska Airlines Network,ATL,"Atlanta, GA: Hartsfield-Jackson Atlanta International",120,23,13.05,0,4.27,0,5.68,1,1,1159,753,0,161,0,245
2026,6,AS,Alaska Airlines Network,AUS,"Austin, TX: Austin - Bergstrom International",150,24,7.32,0,7.72,0,8.96,0,0,1526,457,0,288,0,781
2026,6,AS,Alaska Airlines Network,BET,"Bethel, AK: Bethel Airport",60,9,5.18,1,0,0,2.82,0,0,380,287,33,0,0,60
2026,6,AS,Alaska Airlines Network,BNA,"Nashville, TN: Nashville International",120,17,5.86,0,5.63,0,5.52,0,0,668,234,0,214,0,220
2026,6,AS,Alaska Airlines Network,BOI,"Boise, ID: Boise Air Terminal",183,28,10.18,0,0.94,0,16.88,0,0,939,334,0,34,0,571
2026,6,AS,Alaska Airlines Network,BOS,"Boston, MA: Logan International",240,44,9.81,0,17.18,0,17.02,0,0,1857,420,0,669,0,768
2026,6,AS,Alaska Airlines Network,BRW,"Barrow, AK: Wiley Post/Will Rogers Memorial",30,5,2.16,0,0,0,2.84,1,1,247,59,0,0,0,188
2026,6,AS,Alaska Airlines Network,BUR,"Burbank, CA: Bob Hope",284,50,16.92,0,5.38,0,27.7,6,0,2369,839,0,153,0,1377
2026,6,AS,Alaska Airlines Network,BWI,"Baltimore, MD: Baltimore/Washington International Thurgood Marshall",90,9,3.13,0,4.87,0,1,0,0,346,184,0,136,0,26
2026,6,AS,Alaska Airlines Network,BZN,"Bozeman, MT: Bozeman Yellowstone International",60,12,6.17,0,1.41,0,4.42,0,0,717,409,0,81,0,227
2026,6,AS,Alaska Airlines Network,CDV,"Cordova, AK: Merle K Mudhole Smith",60,6,3,0,0,0,3,0,0,380,204,0,0,0,176
2026,6,AS,Alaska Airlines Network,CHS,"Charleston, SC: Charleston AFB/International",30,4,1.74,0,1.68,0,0.58,0,0,165,48,0,99,0,18
2026,6,AS,Alaska Airlines Network,CLE,"Cleveland, OH: Cleveland-Hopkins International",57,11,2.87,0,3.06,0,5.07,0,0,303,133,0,71,0,99
2026,6,AS,Alaska Airlines Network,CMH,"Columbus, OH: John Glenn Columbus International",57,7,4.25,0,1.32,0,1.43,0,0,290,122,0,94,0,74
2026,6,AS,Alaska Airlines Network,CVG,"Cincinnati, OH: Cincinnati/Northern Kentucky International",52,7,4,0,0.01,0,2.99,0,0,331,193,0,1,0,137
2026,6,AS,Alaska Airlines Network,DCA,"Washington, DC: Ronald Reagan Washington National",180,38,4.15,0,24.16,0,9.69,0,1,2088,169,0,1491,0,428
2026,6,AS,Alaska Airlines Network,DEN,"Denver, CO: Denver International",312,68,21.51,0,23.06,0,23.43,3,0,3002,1116,0,999,0,887
2026,6,AS,Alaska Airlines Network,DFW,"Dallas/Fort Worth, TX: Dallas/Fort Worth International",267,53,20.66,0,16.65,1,14.69,1,5,2134,960,0,691,35,448
2026,6,AS,Alaska Airlines Network,DLG,"Dillingham, AK: Dillingham Airport",21,1,0.13,0,0,0,0.87,0,0,106,14,0,0,0,92
2026,6,AS,Alaska Airlines Network,DTW,"Detroit, MI: Detroit Metro Wayne County",60,6,2,0,0.07,0,3.93,0,0,210,41,0,1,0,168
2026,6,AS,Alaska Airlines Network,EWR,"Newark, NJ: Newark Liberty International",249,42,13.33,0,14.45,1,13.22,2,2,1681,516,0,577,77,511
2026,6,AS,Alaska Airlines Network,FAI,"Fairbanks, AK: Fairbanks International",270,39,18.99,0,5.29,0.84,13.88,0,0,1535,861,0,193,16,465
2026,6,AS,Alaska Airlines Network,FAT,"Fresno, CA: Fresno Yosemite International",54,10,2.93,0,0.25,0,6.83,0,0,470,175,0,8,0,287
2026,6,AS,Alaska Airlines Network,FLL,"Fort Lauderdale, FL: Fort Lauderdale-Hollywood International",30,2,1,0,1,0,0,0,0,41,26,0,15,0,0
2026,6,AS,Alaska Airlines Network,GEG,"Spokane, WA: Spokane International",231,42,17.71,0,3.44,0.44,20.41,0,0,1773,854,0,107,12,800
2026,6,AS,Alaska Airlines Network,GST,"Gustavus, AK: Gustavus Airport",25,2,0.81,0,0.19,0,1,1,0,177,13,0,3,0,161
2026,6,AS,Alaska Airlines Network,HNL,"Honolulu, HI: Daniel K Inouye International",2738,521,172.42,4.74,138.65,4.12,201.06,35,0,21155,8515,127,3785,90,8638
2026,6,AS,Alaska Airlines Network,IAD,"Washington, DC: Washington Dulles International",120,21,7.62,0.81,2.72,0,9.84,0,0,821,370,26,81,0,344
2026,6,AS,Alaska Airlines Network,IAH,"Houston, TX: George Bush Intercontinental/Houston",117,17,6.57,0,3.9,0,6.53,0,1,1314,787,0,171,0,356
2026,6,AS,Alaska Airlines Network,IND,"Indianapolis, IN: Indianapolis International",60,16,8.75,0,2.42,0,4.83,1,0,891,596,0,67,0,228
2026,6,AS,Alaska Airlines Network,ITO,"Hilo, HI: Hilo International",399,65,26.55,0.96,12.71,0,24.78,8,0,1914,707,26,328,0,853
2026,6,AS,Alaska Airlines Network,JFK,"New York, NY: John F. Kennedy International",358,80,15.92,3.41,42.02,0.41,18.23,1,4,5937,831,359,4004,7,736
2026,6,AS,Alaska Airlines Network,JNU,"Juneau, AK: Juneau International",470,67,32.34,0,7.73,0,26.93,6,0,3767,2021,0,217,0,1529
2026,6,AS,Alaska Airlines Network,KOA,"Kona, HI: Ellison Onizuka Kona International at Keahole",795,105,36.96,0,29.61,0,38.43,4,0,3659,1623,0,636,0,1400
2026,6,AS,Alaska Airlines Network,KTN,"Ketchikan, AK: Ketchikan International",231,32,15.46,0,4.63,0,11.91,0,0,1347,731,0,151,0,465
2026,6,AS,Alaska Airlines Network,LAS,"Las Vegas, NV: Harry Reid International",578,88,31.53,0,25.54,0,30.93,1,1,5866,2564,0,1385,0,1917
2026,6,AS,Alaska Airlines Network,LAX,"Los Angeles, CA: Los Angeles International",1041,236,46.68,1.18,79.64,3,105.51,3,0,10799,2752,100,2779,81,5087
2026,6,AS,Alaska Airlines Network,LGB,"Long Beach, CA: Long Beach Airport",60,7,4.15,0,1.85,0,1,0,0,212,161,0,30,0,21
2026,6,AS,Alaska Airlines Network,LIH,"Lihue, HI: Lihue Airport",844,128,50.48,0,31.85,0,45.68,9,1,5207,2806,0,759,0,1642
2026,6,AS,Alaska Airlines Network,MCI,"Kansas City, MO: Kansas City International",119,15,4.64,0,3.19,0,7.17,0,0,618,156,0,72,0,390
2026,6,AS,Alaska Airlines Network,MCO,"Orlando, FL: Orlando International",180,25,5.95,0,13.1,0,5.95,0,2,1134,444,0,545,0,145
2026,6,AS,Alaska Airlines Network,MIA,"Miami, FL: Miami International",30,4,2.87,0,1.13,0,0,0,0,83,65,0,18,0,0
2026,6,AS,Alaska Airlines Network,MKE,"Milwaukee, WI: General Mitchell International",59,6,2.48,0,2.67,0.24,0.61,0,1,166,80,0,61,6,19
2026,6,AS,Alaska Airlines Network,MSO,"Missoula, MT: Missoula Montana",56,13,5.21,0,1.1,0,6.69,0,0,769,386,0,50,0,333
2026,6,AS,Alaska Airlines Network,MSP,"Minneapolis, MN: Minneapolis-St Paul International",141,22,6.84,0,10.11,0,5.04,0,1,714,334,0,244,0,136
2026,6,AS,Alaska Airlines Network,MSY,"New Orleans, LA: Louis Armstrong New Orleans International",60,10,3.1,0,2.87,0,4.03,0,1,284,67,0,85,0,132
2026,6,AS,Alaska Airlines Network,OAK,"Oakland, CA: Oakland International",170,35,18.28,0,2.38,0,14.34,0,0,2228,1217,0,88,0,923
2026,6,AS,Alaska Airlines Network,OGG,"Kahului, HI: Kahului Airport",1209,159,64.27,0,40.15,2.9,51.68,2,0,6916,3924,0,1246,82,1664
2026,6,AS,Alaska Airlines Network,OKC,"Oklahoma City, OK: Okc Will Rogers International",52,10,4,0,0.86,0,5.14,0,0,438,234,0,28,0,176
2026,6,AS,Alaska Airlines Network,OMA,"Omaha, NE: Eppley Airfield",60,8,3.24,0,0.04,0,4.71,0,0,295,120,0,2,0,173
2026,6,AS,Alaska Airlines Network,OME,"Nome, AK: Nome Airport",30,3,1.41,0,0,0,1.59,0,0,131,66,0,0,0,65
2026,6,AS,Alaska Airlines Network,ONT,"Ontario, CA: Ontario International",202,36,10.69,1,4.38,0,19.92,3,0,1460,537,25,128,0,770
2026,6,AS,Alaska Airlines Network,ORD,"Chicago, IL: Chicago O'Hare International",378,116,28.17,0,66.83,0,21,5,3,7675,1625,0,4814,0,1236
2026,6,AS,Alaska Airlines Network,OTZ,"Kotzebue, AK: Ralph Wien Memorial",30,4,0.68,2.67,0.65,0,0,1,0,254,13,214,27,0,0
2026,6,AS,Alaska Airlines Network,PAE,"Everett, WA: Seattle Paine Field International",60,5,0,0,0.02,0,4.98,0,0,229,0,0,1,0,228
2026,6,AS,Alaska Airlines Network,PDX,"Portland, OR: Portland International",2197,350,86.21,13.12,107.25,1.6,141.82,9,2,18291,5865,748,4489,28,7161
2026,6,AS,Alaska Airlines Network,PHL,"Philadelphia, PA: Philadelphia International",90,11,7.28,0,1.34,0,2.39,2,1,468,354,0,29,0,85
2026,6,AS,Alaska Airlines Network,PHX,"Phoenix, AZ: Phoenix Sky Harbor International",391,55,18.63,0,12.89,0,23.47,1,0,2277,991,0,405,0,881
2026,6,AS,Alaska Airlines Network,PIT,"Pittsburgh, PA: Pittsburgh International",60,11,5.25,0,1.33,0,4.42,0,0,534,369,0,32,0,133
2026,6,AS,Alaska Airlines Network,PSG,"Petersburg, AK: Petersburg James A Johnson",60,4,1,0,0.19,0,2.81,0,0,105,19,0,3,0,83
2026,6,AS,Alaska Airlines Network,PSP,"Palm Springs, CA: Palm Springs International",39,5,1,0,0,0,4,0,0,155,21,0,0,0,134
2026,6,AS,Alaska Airlines Network,RDM,"Bend/Redmond, OR: Roberts Field",9,3,1,0,0.42,0,1.58,0,0,60,15,0,8,0,37
2026,6,AS,Alaska Airlines Network,RDU,"Raleigh/Durham, NC: Raleigh-Durham International",90,14,4.63,0,3.37,0,6,0,0,467,179,0,68,0,220
2026,6,AS,Alaska Airlines Network,RNO,"Reno, NV: Reno/Tahoe International",97,16,4.09,0,1.61,0,10.3,0,0,885,361,0,55,0,469
2026,6,AS,Alaska Airlines Network,SAN,"San Diego, CA: San Diego International",1216,312,58.46,7.81,166.32,1.7,77.7,10,0,15021,2886,881,5564,43,5647
2026,6,AS,Alaska Airlines Network,SAT,"San Antonio, TX: San Antonio International",60,17,6.03,0,1.76,0,9.21,0,0,635,205,0,76,0,354
2026,6,AS,Alaska Airlines Network,SBA,"Santa Barbara, CA: Santa Barbara Municipal",26,3,0,0,1,0,2,0,0,113,0,0,15,0,98
2026,6,AS,Alaska Airlines Network,SCC,"Deadhorse, AK: Deadhorse Airport",44,1,0,0,0.03,0,0.97,0,0,30,0,0,1,0,29
2026,6,AS,Alaska Airlines Network,SEA,"Seattle, WA: Seattle/Tacoma International",7135,1523,329.6,42.48,577.99,15.13,557.79,55,6,80788,24784,3716,19039,629,32620
2026,6,AS,Alaska Airlines Network,SFO,"San Francisco, CA: San Francisco International",965,469,38.78,8.76,337.71,0.65,83.09,7,2,25913,2870,543,17271,45,5184
2026,6,AS,Alaska Airlines Network,SIT,"Sitka, AK: Sitka Rocky Gutierrez",150,31,6.45,0,4.72,0,19.83,1,1,1517,442,0,248,0,827
2026,6,AS,Alaska Airlines Network,SJC,"San Jose, CA: Norman Y. Mineta San Jose International",336,65,22.92,0,4.72,0.33,37.03,2,0,2752,1205,0,136,9,1402
2026,6,AS,Alaska Airlines Network,SLC,"Salt Lake City, UT: Salt Lake City International",156,29,11.8,0,6.12,0,11.08,0,0,1114,639,0,152,0,323
2026,6,AS,Alaska Airlines Network,SMF,"Sacramento, CA: Sacramento International",316,63,28.47,0,9.93,0,24.6,1,0,3205,1874,0,300,0,1031
2026,6,AS,Alaska Airlines Network,SNA,"Santa Ana, CA: John Wayne Airport-Orange County",356,30,14.89,0,4.95,0,10.16,0,0,1275,702,0,168,0,405
2026,6,AS,Alaska Airlines Network,STL,"St. Louis, MO: St Louis Lambert International",120,15,5.36,0,3.94,0,5.71,0,1,480,187,0,96,0,197
2026,6,AS,Alaska Airlines Network,STS,"Santa Rosa, CA: Charles M. Schulz - Sonoma County",38,6,3,0,1.03,0,1.98,0,0,438,232,0,137,0,69
2026,6,AS,Alaska Airlines Network,TPA,"Tampa, FL: Tampa International",90,12,2.9,0,3.86,0,5.24,1,0,456,91,0,106,0,259
2026,6,AS,Alaska Airlines Network,TUS,"Tucson, AZ: Tucson International",30,5,2.02,0,0,0,2.98,0,0,181,73,0,0,0,108
2026,6,AS,Alaska Airlines Network,WRG,"Wrangell, AK: Wrangell Airport",60,1,0,0,0,0,1,0,0,44,0,0,0,0,44
2026,6,AS,Alaska Airlines Network,YAK,"Yakutat, AK: Yakutat Airport",60,3,0,0,0,0,3,0,0,285,0,0,0,0,285
2026,6,B6,JetBlue Airways,ABQ,"Albuquerque, NM: Albuquerque International Sunport",30,10,3.89,1.19,3.06,0,1.86,1,1,722,166,181,192,0,183
2026,6,B6,JetBlue Airways,ACK,"Nantucket, MA: Nantucket Memorial",160,37,8.56,1.83,11.72,0,14.89,1,0,2694,621,293,494,0,1286
2026,6,B6,JetBlue Airways,ALB,"Albany, NY: Albany International",66,14,5.17,1.88,0.74,0,6.21,0,0,1020,238,220,29,0,533
2026,6,B6,JetBlue Airways,ATL,"Atlanta, GA: Hartsfield-Jackson Atlanta International",282,97,25.98,2.75,43.46,0,24.81,2,0,6102,1556,294,2003,0,2249
2026,6,B6,JetBlue Airways,AUS,"Austin, TX: Austin - Bergstrom International",102,32,9.57,1,12.28,0,9.15,0,1,1643,497,17,505,0,624
2026,6,B6,JetBlue Airways,BDL,"Hartford, CT: Bradley International",298,63,21.8,2.33,10.48,0,28.39,0,0,5078,1649,200,401,0,2828
2026,6,B6,JetBlue Airways,BNA,"Nashville, TN: Nashville International",147,41,18.99,0,11.94,0,10.07,1,1,2370,1143,0,511,0,716
2026,6,B6,JetBlue Airways,BOS,"Boston, MA: Logan International",3160,859,149.92,10.63,330.41,0.96,367.08,57,1,75993,15142,1146,22911,40,36754
2026,6,B6,JetBlue Airways,BQN,"Aguadilla, PR: Rafael Hernandez",135,33,12.69,0.24,5.88,0,14.18,0,3,2908,730,15,555,0,1608
2026,6,B6,JetBlue Airways,BUF,"Buffalo, NY: Buffalo Niagara International",339,82,19.55,2.53,17.7,0,42.22,11,1,6047,1072,282,997,0,3696
2026,6,B6,JetBlue Airways,BUR,"Burbank, CA: Bob Hope",30,10,3.26,0,5.63,0,1.11,2,1,1139,306,0,733,0,100
2026,6,B6,JetBlue Airways,BZN,"Bozeman, MT: Bozeman Yellowstone International",32,6,1.02,0,3.38,0,1.6,0,0,266,27,0,127,0,112
2026,6,B6,JetBlue Airways,CHS,"Charleston, SC: Charleston AFB/International",153,37,8.44,0,12.61,0,15.96,4,2,2431,738,0,555,0,1138
2026,6,B6,JetBlue Airways,CLE,"Cleveland, OH: Cleveland-Hopkins International",94,23,5.72,0.07,2.86,0,14.36,0,0,1928,458,17,160,0,1293
2026,6,B6,JetBlue Airways,DAB,"Daytona Beach, FL: Daytona Beach International",60,5,2.27,0,1,0,1.73,1,1,388,162,0,75,0,151
2026,6,B6,JetBlue Airways,DCA,"Washington, DC: Ronald Reagan Washington National",558,167,35.07,3.32,70.04,0,58.58,16,2,15478,2810,291,6547,0,5830
2026,6,B6,JetBlue Airways,DEN,"Denver, CO: Denver International",137,47,13.6,1.95,19.94,0,11.51,3,2,2691,827,164,774,0,926
2026,6,B6,JetBlue Airways,DFW,"Dallas/Fort Worth, TX: Dallas/Fort Worth International",43,8,2.08,0.43,2,0,3.48,0,0,650,44,10,356,0,240
2026,6,B6,JetBlue Airways,DTW,"Detroit, MI: Detroit Metro Wayne County",108,42,7.35,0.13,7.64,0,26.89,2,0,4248,595,58,950,0,2645
2026,6,B6,JetBlue Airways,EWR,"Newark, NJ: Newark Liberty International",464,125,28.12,4.17,58.8,0,33.91,9,1,11203,2152,364,5362,0,3325
2026,6,B6,JetBlue Airways,FLL,"Fort Lauderdale, FL: Fort Lauderdale-Hollywood International",2015,416,129.69,8.79,100.26,0.33,176.94,23,9,31016,9492,1127,4266,103,16028
2026,6,B6,JetBlue Airways,HPN,"White Plains, NY: Westchester County",401,73,17.95,3.72,19.91,0.06,31.36,5,8,5851,1847,363,705,7,2929
2026,6,B6,JetBlue Airways,HYA,"Hyannis, MA: Cape Cod Gateway",6,0,0,0,0,0,0,0,0,0,0,0,0,0,0
2026,6,B6,JetBlue Airways,IAH,"Houston, TX: George Bush Intercontinental/Houston",110,36,8.74,0,20.16,0,7.1,0,1,1711,362,0,897,0,452
2026,6,B6,JetBlue Airways,ILM,"Wilmington, NC: Wilmington International",30,10,5.01,0,1.11,0,3.88,0,0,825,479,0,59,0,287
2026,6,B6,JetBlue Airways,ISP,"Islip, NY: Long Island MacArthur",124,16,4.8,0.94,0.41,0,9.85,0,0,992,220,107,26,0,639
2026,6,B6,JetBlue Airways,JAX,"Jacksonville, FL: Jacksonville International",167,35,10.8,0.56,8.9,0,14.75,2,0,2813,767,34,464,0,1548
2026,6,B6,JetBlue Airways,JFK,"New York, NY: John F. Kennedy International",3217,747,177.23,9.42,275,1,284.35,74,12,71297,18559,1281,23617,190,27650
2026,6,B6,JetBlue Airways,LAS,"Las Vegas, NV: Harry Reid International",301,61,9.44,1.8,26.79,0.02,22.95,1,0,3924,609,71,1083,1,2160
2026,6,B6,JetBlue Airways,LAX,"Los Angeles, CA: Los Angeles International",668,230,57.12,2.63,107.71,0.42,62.12,4,0,14032,3046,202,4361,18,6405
2026,6,B6,JetBlue Airways,LGA,"New York, NY: LaGuardia",360,113,17.31,7.38,54.5,0,33.81,11,3,8784,1062,353,4355,0,3014
2026,6,B6,JetBlue Airways,MCO,"Orlando, FL: Orlando International",1648,340,105.98,3.14,92.64,0,138.24,22,21,25594,6202,217,4980,0,14195
2026,6,B6,JetBlue Airways,MHT,"Manchester, NH: Manchester Boston Regional",30,4,0.42,0.02,0.18,0,3.38,0,0,693,25,7,24,0,637
2026,6,B6,JetBlue Airways,MKE,"Milwaukee, WI: General Mitchell International",30,2,0,0,1,0,1,0,0,238,0,0,72,0,166
2026,6,B6,JetBlue Airways,MSY,"New Orleans, LA: Louis Armstrong New Orleans International",121,29,8.28,1.12,10.87,0,8.72,0,1,1677,383,138,643,0,513
2026,6,B6,JetBlue Airways,MVY,"Martha's Vineyard, MA: Martha's Vineyard Airport",29,12,3.1,0.4,2.29,0,6.21,0,0,1089,166,56,156,0,711
2026,6,B6,JetBlue Airways,ONT,"Ontario, CA: Ontario International",30,12,1.55,1,6.28,0,3.16,1,0,943,99,174,404,0,266
2026,6,B6,JetBlue Airways,ORD,"Chicago, IL: Chicago O'Hare International",130,36,9.85,0.42,17.4,0,8.33,5,0,3198,890,30,1418,0,860
2026,6,B6,JetBlue Airways,ORF,"Norfolk, VA: Norfolk International",68,13,3.49,0,1.53,0,7.98,0,0,971,240,0,65,0,666
2026,6,B6,JetBlue Airways,ORH,"Worcester, MA: Worcester Regional",60,6,1.53,0,1.4,0,3.07,0,0,273,53,0,27,0,193
2026,6,B6,JetBlue Airways,PBI,"West Palm Beach/Palm Beach, FL: Palm Beach International",615,121,37.38,2.79,45.41,0,35.42,9,4,9444,3485,326,2219,0,3414
2026,6,B6,JetBlue Airways,PDX,"Portland, OR: Portland International",41,9,4,0,2.07,0,2.93,0,0,460,156,0,60,0,244
2026,6,B6,JetBlue Airways,PHL,"Philadelphia, PA: Philadelphia International",155,27,4.75,2.23,5.52,0,14.51,2,1,2172,485,60,485,0,1142
2026,6,B6,JetBlue Airways,PHX,"Phoenix, AZ: Phoenix Sky Harbor International",30,14,5.57,0.89,5.63,0,1.91,1,0,711,199,119,194,0,199
2026,6,B6,JetBlue Airways,PIT,"Pittsburgh, PA: Pittsburgh International",169,43,5.52,1.15,9.01,0,27.32,7,0,3199,303,123,584,0,2189
2026,6,B6,JetBlue Airways,PQI,"Presque Isle/Houlton, ME: Presque Isle International",30,10,3.39,0,0.27,0,6.35,1,0,1053,505,0,12,0,536
2026,6,B6,JetBlue Airways,PSE,"Ponce, PR: Mercedita",30,3,1.13,0.22,0.27,0,1.38,0,1,55,22,4,6,0,23
2026,6,B6,JetBlue Airways,PVD,"Providence, RI: Rhode Island Tf Green International",158,46,12.93,4.3,9.13,0,19.63,0,0,3109,759,338,337,0,1675
2026,6,B6,JetBlue Airways,PWM,"Portland, ME: Portland International Jetport",54,14,3.42,0,0.24,0,10.34,1,0,1024,141,0,36,0,847
2026,6,B6,JetBlue Airways,RDU,"Raleigh/Durham, NC: Raleigh-Durham International",265,67,19.43,1.72,9.53,0,36.32,6,0,5063,1175,403,519,0,2966
2026,6,B6,JetBlue Airways,RIC,"Richmond, VA: Richmond International",190,28,7.56,1.98,2.62,0,15.83,1,2,1892,480,104,76,0,1232
2026,6,B6,JetBlue Airways,RNO,"Reno, NV: Reno/Tahoe International",20,9,3.3,0,4.37,0,1.33,0,0,605,349,0,166,0,90
2026,6,B6,JetBlue Airways,ROC,"Rochester, NY: Frederick Douglass Grtr Rochester International",81,20,9.52,0.54,3.2,0,6.75,2,0,1631,985,43,237,0,366
2026,6,B6,JetBlue Airways,RSW,"Fort Myers, FL: Southwest Florida International",195,27,8.81,1,9.07,0,8.13,1,2,1288,411,26,276,0,575
2026,6,B6,JetBlue Airways,SAN,"San Diego, CA: San Diego International",146,34,4.44,0,21.64,0,7.92,2,0,1953,319,0,810,0,824
2026,6,B6,JetBlue Airways,SAV,"Savannah, GA: Savannah/Hilton Head International",98,18,3.89,0,5.95,0,8.16,4,0,1456,96,0,425,0,935
2026,6,B6,JetBlue Airways,SEA,"Seattle, WA: Seattle/Tacoma International",78,21,2.76,2.49,8.95,0.31,6.49,0,0,1754,211,486,509,11,537
2026,6,B6,JetBlue Airways,SFO,"San Francisco, CA: San Francisco International",435,174,22.4,1.27,107.94,0,42.39,4,1,10824,1374,61,5461,0,3928
2026,6,B6,JetBlue Airways,SJU,"San Juan, PR: Luis Munoz Marin International",1183,258,87.12,15.28,54.54,1.35,99.72,8,2,19715,6576,877,2324,59,9879
2026,6,B6,JetBlue Airways,SLC,"Salt Lake City, UT: Salt Lake City International",50,22,4.83,1.06,13.01,0,3.1,0,0,1431,212,166,678,0,375
2026,6,B6,JetBlue Airways,SMF,"Sacramento, CA: Sacramento International",30,16,6.84,1.5,4.33,0,3.33,0,1,1189,380,233,339,0,237
2026,6,B6,JetBlue Airways,SRQ,"Sarasota/Bradenton, FL: Sarasota/Bradenton International",47,4,0.09,0,2.78,0,1.13,0,0,200,7,0,114,0,79
2026,6,B6,JetBlue Airways,STT,"Charlotte Amalie, VI: Cyril E King",40,14,3.56,0,3.43,0,7.01,0,0,458,106,0,110,0,242
2026,6,B6,JetBlue Airways,STX,"Christiansted, VI: Henry E. Rohlsen",30,4,1.75,0,0.1,0,2.15,0,0,149,43,0,4,0,102
2026,6,B6,JetBlue Airways,SYR,"Syracuse, NY: Syracuse Hancock International",136,37,9.63,1.14,8.28,0,17.95,3,1,2875,679,140,555,0,1501
2026,6,B6,JetBlue Airways,TPA,"Tampa, FL: Tampa International",444,106,29.67,3.57,21.3,0,51.46,6,2,7542,2031,331,904,0,4276
2026,6,B6,JetBlue Airways,TVC,"Traverse City, MI: Cherry Capital",9,5,2.23,0,0.64,0,2.13,0,0,2211,858,0,518,0,835
2026,6,B6,JetBlue Airways,VPS,"Valparaiso, FL: Eglin AFB Destin Fort Walton Beach",42,5,1.47,0,2.86,0,0.67,0,0,216,52,0,119,0,45
2026,6,B6,JetBlue Airways,VRB,"Vero Beach, FL: Vero Beach Regional",60,3,1.12,0,0,0,1.88,0,0,167,37,0,0,0,130
2026,6,C5,CommuteAir LLC dba CommuteAir,ALB,"Albany, NY: Albany International",119,31,11.68,1.39,4.98,0,12.95,3,0,3433,1531,180,274,0,1448
2026,6,C5,CommuteAir LLC dba CommuteAir,AMA,"Amarillo, TX: Rick Husband Amarillo International",73,22,6.17,3.07,4.08,0,8.68,0,0,2665,436,399,211,0,1619
2026,6,C5,CommuteAir LLC dba CommuteAir,AVP,"Scranton/Wilkes-Barre, PA: Wilkes Barre Scranton International",58,9,4.71,0.13,0.08,0,4.08,1,0,1549,260,101,11,0,1177
2026,6,C5,CommuteAir LLC dba CommuteAir,BDL,"Hartford, CT: Bradley International",5,1,0.4,0,0.6,0,0,0,0,15,6,0,9,0,0
2026,6,C5,CommuteAir LLC dba CommuteAir,BHM,"Birmingham, AL: Birmingham-Shuttlesworth International",100,27,10.26,1.5,5.47,0,9.78,1,0,1854,658,105,215,0,876
2026,6,C5,CommuteAir LLC dba CommuteAir,BNA,"Nashville, TN: Nashville International",1,1,0,0,1,0,0,0,0,102,0,0,102,0,0
2026,6,C5,CommuteAir LLC dba CommuteAir,BRO,"Brownsville, TX: Brownsville South Padre Island International",120,29,7.8,2.5,4.88,0,13.83,1,0,3070,931,125,191,0,1823
2026,6,C5,CommuteAir LLC dba CommuteAir,BTR,"Baton Rouge, LA: Baton Rouge Metropolitan/Ryan Field",179,57,21.71,3.91,8.2,0,23.18,3,0,6498,2428,362,425,0,3283
2026,6,C5,CommuteAir LLC dba CommuteAir,BTV,"Burlington, VT: Patrick Leahy Burlington International",34,7,2.32,0,2.46,0,2.21,0,0,192,74,0,59,0,59
2026,6,C5,CommuteAir LLC dba CommuteAir,BUF,"Buffalo, NY: Buffalo Niagara International",45,8,2.31,0,2,0,3.69,2,0,586,77,0,314,0,195
2026,6,C5,CommuteAir LLC dba CommuteAir,CAE,"Columbia, SC: Columbia Metropolitan",81,11,3.34,0.93,3.04,0,3.7,1,0,1271,248,205,338,0,480
2026,6,C5,CommuteAir LLC dba CommuteAir,CHO,"Charlottesville, VA: Charlottesville Albemarle",86,5,2.31,0,0,0,2.69,4,0,562,150,0,0,0,412
2026,6,C5,CommuteAir LLC dba CommuteAir,CHS,"Charleston, SC: Charleston AFB/International",9,3,0.76,0,2.24,0,0,0,0,189,73,0,116,0,0
2026,6,C5,CommuteAir LLC dba CommuteAir,CMH,"Columbus, OH: John Glenn Columbus International",8,2,0.68,0,1.32,0,0,0,0,48,17,0,31,0,0
2026,6,C5,CommuteAir LLC dba CommuteAir,CRP,"Corpus Christi, TX: Corpus Christi International",129,31,8.68,2.95,6.7,0,12.67,4,0,2940,1255,466,262,0,957
2026,6,C5,CommuteAir LLC dba CommuteAir,CVG,"Cincinnati, OH: Cincinnati/Northern Kentucky International",4,1,1,0,0,0,0,0,0,18,18,0,0,0,0
2026,6,C5,CommuteAir LLC dba CommuteAir,DAY,"Dayton, OH: James M Cox/Dayton International",80,12,3.13,0.15,5.68,0,3.04,2,1,1276,131,17,507,0,621
2026,6,C5,CommuteAir LLC dba CommuteAir,ECP,"Panama City, FL: Northwest Florida Beaches International",108,35,10.86,2.16,9.55,0,12.43,2,0,2849,662,157,447,0,1583
2026,6,C5,CommuteAir LLC dba CommuteAir,ELP,"El Paso, TX: El Paso International",30,9,1.77,0.18,3.38,0,3.67,0,0,875,68,17,132,0,658
2026,6,C5,CommuteAir LLC dba CommuteAir,GPT,"Gulfport/Biloxi, MS: Gulfport-Biloxi International",89,27,10.04,2.34,5.75,0,8.87,1,0,2784,1413,304,322,0,745
2026,6,C5,CommuteAir LLC dba CommuteAir,GSO,"Greensboro/High Point, NC: Piedmont Triad International",56,14,6.04,0,2.32,0,5.64,1,0,1432,421,0,62,0,949
2026,6,C5,CommuteAir LLC dba CommuteAir,GSP,"Greer, SC: Greenville-Spartanburg International",86,12,5.54,0,2.83,0,3.63,1,0,1048,513,0,215,0,320
2026,6,C5,CommuteAir LLC dba CommuteAir,HOB,"Hobbs, NM: Lea County Regional",30,9,2.52,1,0.16,0,5.32,1,1,2455,237,697,33,0,1488
2026,6,C5,CommuteAir LLC dba CommuteAir,HRL,"Harlingen/San Benito, TX: Valley International",119,35,17.58,1.66,4.29,0,11.47,3,0,3916,2052,94,227,0,1543
2026,6,C5,CommuteAir LLC dba CommuteAir,HSV,"Huntsville, AL: Huntsville International-Carl T Jones Field",238,54,19.79,2.55,10.2,0,21.46,4,0,5366,1711,265,585,0,2805
2026,6,C5,CommuteAir LLC dba CommuteAir,IAD,"Washington, DC: Washington Dulles International",1628,278,69.48,14.03,56.78,0,137.72,31,1,41311,11864,2553,4726,0,22168
2026,6,C5,CommuteAir LLC dba CommuteAir,IAH,"Houston, TX: George Bush Intercontinental/Houston",2097,560,99.01,18.6,191.18,0,251.21,32,16,59019,9564,2641,14528,0,32286
2026,6,C5,CommuteAir LLC dba CommuteAir,ICT,"Wichita, KS: Wichita Dwight D Eisenhower National",73,23,6.67,0.27,8.66,0,7.4,1,0,2169,348,13,380,0,1428
2026,6,C5,CommuteAir LLC dba CommuteAir,ITH,"Ithaca/Cortland, NY: Ithaca Tompkins International",65,11,4.28,1.38,0.56,0,4.78,1,4,4138,1479,689,319,0,1651
2026,6,C5,CommuteAir LLC dba CommuteAir,JAN,"Jackson/Vicksburg, MS: Jackson Medgar Wiley Evers International",146,47,17.49,2.97,8.04,0,18.5,0,1,7561,3656,521,430,0,2954
2026,6,C5,CommuteAir LLC dba CommuteAir,LBB,"Lubbock, TX: Lubbock Preston Smith International",115,26,4.38,3.5,5.98,0,12.15,3,0,2264,617,321,267,0,1059
2026,6,C5,CommuteAir LLC dba CommuteAir,LCH,"Lake Charles, LA: Lake Charles Regional",81,25,6.84,1.45,3.51,0,13.2,1,0,2160,1093,88,115,0,864
2026,6,C5,CommuteAir LLC dba CommuteAir,LFT,"Lafayette, LA: Lafayette Regional Paul Fournet Field",60,16,5.65,1.38,1.83,0,7.14,0,0,2904,1657,159,95,0,993
2026,6,C5,CommuteAir LLC dba CommuteAir,LIT,"Little Rock, AR: Bill and Hillary Clinton Nat Adams Field",12,2,2,0,0,0,0,0,0,156,156,0,0,0,0
2026,6,C5,CommuteAir LLC dba CommuteAir,LRD,"Laredo, TX: Laredo International",90,26,8.41,2.64,4.11,0,10.84,1,0,2947,584,208,135,0,2020
2026,6,C5,CommuteAir LLC dba CommuteAir,MAF,"Midland/Odessa, TX: Midland International Air and Space Port",4,2,0.33,1,0.67,0,0,0,0,63,13,24,26,0,0
2026,6,C5,CommuteAir LLC dba CommuteAir,MDT,"Harrisburg, PA: Harrisburg International",112,17,7.48,1.66,2.45,0,5.41,2,0,1190,365,69,61,0,695
2026,6,C5,CommuteAir LLC dba CommuteAir,MEM,"Memphis, TN: Memphis International",3,1,0.24,0,0,0,0.76,1,0,17,4,0,0,0,13
2026,6,C5,CommuteAir LLC dba CommuteAir,MFE,"Mission/McAllen/Edinburg, TX: McAllen International",96,21,6.85,2.22,3.63,0,8.31,3,0,1459,323,125,148,0,863
2026,6,C5,CommuteAir LLC dba CommuteAir,MHT,"Manchester, NH: Manchester Boston Regional",76,14,8.03,2.56,0.94,0,2.47,1,0,2620,1052,1070,60,0,438
2026,6,C5,CommuteAir LLC dba CommuteAir,MOB,"Mobile, AL: Mobile Regional",151,40,15.87,1.96,5.59,0,16.59,0,3,8633,5111,196,312,0,3014
2026,6,C5,CommuteAir LLC dba CommuteAir,MYR,"Myrtle Beach, SC: Myrtle Beach International",30,6,1.99,0,3.42,0,0.59,0,0,160,45,0,105,0,10
2026,6,C5,CommuteAir LLC dba CommuteAir,OKC,"Oklahoma City, OK: Okc Will Rogers International",7,1,0,1,0,0,0,1,0,20,0,20,0,0,0
2026,6,C5,CommuteAir LLC dba CommuteAir,ORF,"Norfolk, VA: Norfolk International",38,10,3.55,0.99,2.48,0,2.97,1,0,1396,131,891,142,0,232
2026,6,C5,CommuteAir LLC dba CommuteAir,PHL,"Philadelphia, PA: Philadelphia International",32,12,2.63,1,3.9,0,4.47,2,0,1170,171,240,306,0,453
2026,6,C5,CommuteAir LLC dba CommuteAir,PNS,"Pensacola, FL: Pensacola International",37,10,2.66,0,2,0,5.34,0,0,694,164,0,40,0,490
2026,6,C5,CommuteAir LLC dba CommuteAir,PVD,"Providence, RI: Rhode Island Tf Green International",28,9,1.08,1.28,4.79,0,1.84,0,0,541,98,129,173,0,141
2026,6,C5,CommuteAir LLC dba CommuteAir,RIC,"Richmond, VA: Richmond International",11,3,2.03,0,0.04,0,0.93,1,0,350,82,0,11,0,257
2026,6,C5,CommuteAir LLC dba CommuteAir,ROA,"Roanoke, VA: Roanoke Blacksburg Regional",81,12,3.76,0,2.89,0,5.35,2,0,809,129,0,73,0,607
2026,6,C5,CommuteAir LLC dba CommuteAir,ROC,"Rochester, NY: Frederick Douglass Grtr Rochester International",88,16,5.9,0.07,5.67,0,4.36,3,0,1542,333,20,418,0,771
2026,6,C5,CommuteAir LLC dba CommuteAir,SCE,"State College, PA: State College Regional",86,12,6.77,1.17,0.53,0,3.53,1,0,1388,345,140,34,0,869
2026,6,C5,CommuteAir LLC dba CommuteAir,SGF,"Springfield, MO: Springfield-Branson National",90,37,9.18,4.38,10.51,0,12.92,2,0,4553,2223,280,354,0,1696
2026,6,C5,CommuteAir LLC dba CommuteAir,SYR,"Syracuse, NY: Syracuse Hancock International",99,15,4.05,2,2.11,0,6.84,2,0,1777,250,650,83,0,794
2026,6,C5,CommuteAir LLC dba CommuteAir,TUL,"Tulsa, OK: Tulsa International",6,1,0.87,0,0.13,0,0,0,0,23,20,0,3,0,0
2026,6,C5,CommuteAir LLC dba CommuteAir,TYS,"Knoxville, TN: McGhee Tyson",92,29,8.96,0,3.45,0,16.59,1,0,5153,1957,0,232,0,2964
2026,6,C5,CommuteAir LLC dba CommuteAir,XNA,"Fayetteville, AR: Northwest Arkansas National",27,8,3.23,0.81,1.95,0,2.01,0,0,786,243,94,194,0,255
2026,6,DL,Delta Air Lines Network,ABE,"Allentown/Bethlehem/Easton, PA: Lehigh Valley International",24,1,1,0,0,0,0,0,0,37,37,0,0,0,0
2026,6,DL,Delta Air Lines Network,ABQ,"Albuquerque, NM: Albuquerque International Sunport",116,22,14.98,0.89,3.93,0,2.2,1,0,1771,1328,119,160,0,164
2026,6,DL,Delta Air Lines Network,AGS,"Augusta, GA: Augusta Regional at Bush Field",21,2,1.89,0,0.11,0,0,0,0,54,51,0,3,0,0
2026,6,DL,Delta Air Lines Network,ALB,"Albany, NY: Albany International",117,20,11.96,0,2.55,0,5.5,4,0,1236,897,0,138,0,201
2026,6,DL,Delta Air Lines Network,ANC,"Anchorage, AK: Ted Stevens Anchorage International",320,84,41.5,3.34,21.82,0,17.34,0,0,4634,2708,98,689,0,1139
2026,6,DL,Delta Air Lines Network,ATL,"Atlanta, GA: Hartsfield-Jackson Atlanta International",20810,2581,837.61,132.31,613.39,1.18,996.52,242,51,224910,98963,12509,39101,81,74256
2026,6,DL,Delta Air Lines Network,ATW,"Appleton, WI: Appleton International",30,3,2.23,0,0.31,0,0.46,0,0,342,280,0,11,0,51
2026,6,DL,Delta Air Lines Network,AUS,"Austin, TX: Austin - Bergstrom International",1150,285,79.44,7.61,115.16,0,82.8,7,3,16749,5952,539,5045,0,5213
2026,6,DL,Delta Air Lines Network,AVL,"Asheville, NC: Asheville Regional",201,22,11.41,2,2.95,0,5.64,1,0,1753,592,729,143,0,289
2026,6,DL,Delta Air Lines Network,BDL,"Hartford, CT: Bradley International",387,53,27.05,2.79,12.35,0,10.81,3,0,3313,1601,292,558,0,862
2026,6,DL,Delta Air Lines Network,BGR,"Bangor, ME: Bangor International",16,1,0,0,0,0,1,0,0,27,0,0,0,0,27
2026,6,DL,Delta Air Lines Network,BHM,"Birmingham, AL: Birmingham-Shuttlesworth International",335,52,25.99,1.75,10.07,0,14.19,5,1,3819,1308,330,721,0,1460
2026,6,DL,Delta Air Lines Network,BIL,"Billings, MT: Billings Logan International",60,23,18.43,0,1.15,0,3.42,2,1,1244,950,0,19,0,275
2026,6,DL,Delta Air Lines Network,BIS,"Bismarck/Mandan, ND: Bismarck Municipal",30,8,4.66,0.89,2.1,0,0.35,0,1,375,237,16,97,0,25
2026,6,DL,Delta Air Lines Network,BNA,"Nashville, TN: Nashville International",874,145,60.26,5.39,48.3,0,31.05,5,4,9565,4569,693,1896,0,2407
2026,6,DL,Delta Air Lines Network,BOI,"Boise, ID: Boise Air Terminal",245,34,19.32,0.17,3.57,0,10.94,4,0,2200,1239,17,106,0,838
2026,6,DL,Delta Air Lines Network,BOS,"Boston, MA: Logan International",2292,499,129.32,10.11,185.45,0,174.13,32,5,37074,12583,962,10325,0,13204
2026,6,DL,Delta Air Lines Network,BTR,"Baton Rouge, LA: Baton Rouge Metropolitan/Ryan Field",111,20,11.43,1.19,2.31,0,5.07,2,3,1313,561,340,116,0,296
2026,6,DL,Delta Air Lines Network,BTV,"Burlington, VT: Patrick Leahy Burlington International",37,6,4.68,0,1.32,0,0,2,0,211,183,0,28,0,0
2026,6,DL,Delta Air Lines Network,BUF,"Buffalo, NY: Buffalo Niagara International",167,30,14.35,0.86,7.96,0,6.83,4,0,2507,1755,85,246,0,421
2026,6,DL,Delta Air Lines Network,BUR,"Burbank, CA: Bob Hope",60,12,7.44,0,2.41,0,2.15,0,1,560,406,0,69,0,85
2026,6,DL,Delta Air Lines Network,BWI,"Baltimore, MD: Baltimore/Washington International Thurgood Marshall",462,80,43.11,0.69,23.49,0,12.7,7,1,4080,2360,56,1134,0,530
2026,6,DL,Delta Air Lines Network,BZN,"Bozeman, MT: Bozeman Yellowstone International",201,35,17.45,2.22,6.06,0,9.27,1,0,1622,914,178,202,0,328
2026,6,DL,Delta Air Lines Network,CAE,"Columbia, SC: Columbia Metropolitan",156,18,8.45,0.4,3.85,0,5.31,3,0,1087,406,55,244,0,382
2026,6,DL,Delta Air Lines Network,CHA,"Chattanooga, TN: Lovell Field",125,13,5.4,1.75,2,0,3.85,1,0,919,366,96,215,0,242
2026,6,DL,Delta Air Lines Network,CHO,"Charlottesville, VA: Charlottesville Albemarle",25,2,0.88,0,0,0,1.12,0,0,259,106,0,0,0,153
2026,6,DL,Delta Air Lines Network,CHS,"Charleston, SC: Charleston AFB/International",401,54,27.91,0.51,9.73,0,15.85,7,1,3245,1290,32,615,0,1308
2026,6,DL,Delta Air Lines Network,CID,"Cedar Rapids/Iowa City, IA: The Eastern Iowa",30,9,2.36,0,3.2,0,3.44,1,0,481,196,0,87,0,198
2026,6,DL,Delta Air Lines Network,CLE,"Cleveland, OH: Cleveland-Hopkins International",374,63,33.24,1.71,14.09,0,13.96,4,1,4158,1903,277,648,0,1330
2026,6,DL,Delta Air Lines Network,CLT,"Charlotte, NC: Charlotte Douglas International",479,95,44.28,1.93,25.98,0,22.81,6,0,6203,2472,200,1509,0,2022
2026,6,DL,Delta Air Lines Network,CMH,"Columbus, OH: John Glenn Columbus International",373,64,34.38,4.91,7.44,0,17.27,4,1,4179,1980,334,432,0,1433
2026,6,DL,Delta Air Lines Network,COS,"Colorado Springs, CO: City of Colorado Springs Municipal",60,7,4.22,1,1.36,0,0.41,0,0,356,243,69,27,0,17
2026,6,DL,Delta Air Lines Network,CSG,"Columbus, GA: Columbus Airport",6,0,0,0,0,0,0,0,0,0,0,0,0,0,0
2026,6,DL,Delta Air Lines Network,CVG,"Cincinnati, OH: Cincinnati/Northern Kentucky International",691,116,44.74,8.39,24.5,0,38.37,3,1,9074,4158,669,795,0,3452
2026,6,DL,Delta Air Lines Network,DAB,"Daytona Beach, FL: Daytona Beach International",120,15,6.56,0.21,4.74,0,3.49,2,0,1162,347,24,478,0,313
2026,6,DL,Delta Air Lines Network,DAL,"Dallas, TX: Dallas Love Field",148,13,5.62,0.49,4.47,0,2.42,0,1,1001,268,63,365,0,305
2026,6,DL,Delta Air Lines Network,DAY,"Dayton, OH: James M Cox/Dayton International",109,12,7.59,0.51,0.75,0,3.15,1,0,714,340,43,67,0,264
2026,6,DL,Delta Air Lines Network,DCA,"Washington, DC: Ronald Reagan Washington National",831,213,73.43,6.59,101.26,0,31.73,23,1,17716,6344,1422,7579,0,2371
2026,6,DL,Delta Air Lines Network,DEN,"Denver, CO: Denver International",1047,253,100.48,3.73,100.33,1,47.46,8,8,16185,7742,415,4790,20,3218
2026,6,DL,Delta Air Lines Network,DFW,"Dallas/Fort Worth, TX: Dallas/Fort Worth International",946,250,98.04,7.61,87.95,0,56.39,15,15,18060,7860,498,5163,0,4539
2026,6,DL,Delta Air Lines Network,DLH,"Duluth, MN: Duluth International",2,0,0,0,0,0,0,0,0,0,0,0,0,0,0
2026,6,DL,Delta Air Lines Network,DSM,"Des Moines, IA: Des Moines International",113,12,6.07,0.13,2.08,0,3.72,3,1,792,378,14,75,0,325
2026,6,DL,Delta Air Lines Network,DTW,"Detroit, MI: Detroit Metro Wayne County",5196,880,289.6,24.86,188.9,0,376.64,77,13,76088,35113,1727,11419,0,27829
2026,6,DL,Delta Air Lines Network,ECP,"Panama City, FL: Northwest Florida Beaches International",223,37,13.91,2.77,13.78,0,6.53,1,0,2054,955,243,522,0,334
2026,6,DL,Delta Air Lines Network,ELP,"El Paso, TX: El Paso International",60,8,4.22,0.12,0.91,0,2.75,0,0,498,235,17,37,0,209
2026,6,DL,Delta Air Lines Network,EWR,"Newark, NJ: Newark Liberty International",551,111,41.29,3.56,46.33,0,19.82,16,2,9138,3114,340,3758,0,1926
2026,6,DL,Delta Air Lines Network,EYW,"Key West, FL: Key West International",121,9,5.55,0,2.3,0,1.15,5,0,433,319,0,89,0,25
2026,6,DL,Delta Air Lines Network,FAI,"Fairbanks, AK: Fairbanks International",74,13,5.59,0,1.67,0,5.74,0,0,674,245,0,51,0,378
2026,6,DL,Delta Air Lines Network,FAR,"Fargo, ND: Hector International",60,13,4.45,0,0.31,0,8.24,0,0,671,196,0,16,0,459
2026,6,DL,Delta Air Lines Network,FCA,"Kalispell, MT: Glacier Park International",120,17,10.52,0.6,3.12,0,2.76,0,0,833,509,12,68,0,244
2026,6,DL,Delta Air Lines Network,FLL,"Fort Lauderdale, FL: Fort Lauderdale-Hollywood International",988,171,77.82,2.36,48.58,0,42.25,15,1,10247,5143,134,2066,0,2904
2026,6,DL,Delta Air Lines Network,FSD,"Sioux Falls, SD: Joe Foss Field",60,11,6.08,0.28,1.58,0,3.07,1,0,693,374,14,48,0,257
2026,6,DL,Delta Air Lines Network,GEG,"Spokane, WA: Spokane International",267,58,25.69,2,11.81,0,18.5,2,0,3157,1818,198,368,0,773
2026,6,DL,Delta Air Lines Network,GNV,"Gainesville, FL: Gainesville Regional",143,15,8.86,0.23,2.07,0,3.83,2,0,983,548,18,76,0,341
2026,6,DL,Delta Air Lines Network,GPT,"Gulfport/Biloxi, MS: Gulfport-Biloxi International",114,12,6.51,1.59,3.01,0,0.89,1,0,930,355,167,267,0,141
2026,6,DL,Delta Air Lines Network,GRB,"Green Bay, WI: Green Bay Austin Straubel International",30,5,2.71,1,1.29,0,0,1,1,428,169,199,60,0,0
2026,6,DL,Delta Air Lines Network,GRR,"Grand Rapids, MI: Gerald R. Ford International",203,46,25.93,1.22,7.64,0,11.2,2,2,3287,1908,256,297,0,826
2026,6,DL,Delta Air Lines Network,GSO,"Greensboro/High Point, NC: Piedmont Triad International",243,40,22.4,0.31,5.39,0,11.9,4,0,2497,1252,27,257,0,961
2026,6,DL,Delta Air Lines Network,GSP,"Greer, SC: Greenville-Spartanburg International",283,39,21.82,3.15,3.86,0,10.17,0,0,2793,1198,628,166,0,801
2026,6,DL,Delta Air Lines Network,HNL,"Honolulu, HI: Daniel K Inouye International",300,54,27.72,0,20.05,0,6.23,2,1,3850,2980,0,508,0,362
2026,6,DL,Delta Air Lines Network,HOU,"Houston, TX: William P Hobby",116,21,9.66,0,5.68,0,5.66,1,0,1315,595,0,288,0,432
2026,6,DL,Delta Air Lines Network,HPN,"White Plains, NY: Westchester County",56,7,3.25,0,1.2,0,2.55,1,1,415,181,0,97,0,137
2026,6,DL,Delta Air Lines Network,HSV,"Huntsville, AL: Huntsville International-Carl T Jones Field",207,26,11.6,0.63,1.94,0,11.83,2,0,1686,484,71,135,0,996
2026,6,DL,Delta Air Lines Network,IAD,"Washington, DC: Washington Dulles International",300,53,27.58,1.22,11.12,0,13.08,3,0,2942,1736,34,589,0,583
2026,6,DL,Delta Air Lines Network,IAH,"Houston, TX: George Bush Intercontinental/Houston",714,187,73.94,5.47,70.48,0,37.12,4,7,9755,4323,411,2793,0,2228
2026,6,DL,Delta Air Lines Network,ICT,"Wichita, KS: Wichita Dwight D Eisenhower National",86,12,8.57,0,2.14,0,1.29,1,0,867,594,0,158,0,115
2026,6,DL,Delta Air Lines Network,IDA,"Idaho Falls, ID: Idaho Falls Regional",30,2,2,0,0,0,0,0,0,102,102,0,0,0,0
2026,6,DL,Delta Air Lines Network,ILM,"Wilmington, NC: Wilmington International",123,18,9.48,0.41,2.69,0,5.42,0,0,1382,716,87,69,0,510
2026,6,DL,Delta Air Lines Network,IND,"Indianapolis, IN: Indianapolis International",376,66,29.63,2.23,18.53,0,15.61,1,0,4215,2199,131,829,0,1056
2026,6,DL,Delta Air Lines Network,JAC,"Jackson, WY: Jackson Hole",85,10,3.88,0,5.18,0,0.94,0,0,361,133,0,154,0,74
2026,6,DL,Delta Air Lines Network,JAN,"Jackson/Vicksburg, MS: Jackson Medgar Wiley Evers International",155,20,7.47,1.37,2.57,0,8.59,1,2,1748,468,228,260,0,792
2026,6,DL,Delta Air Lines Network,JAX,"Jacksonville, FL: Jacksonville International",460,80,33.18,2.11,27.51,0,17.21,8,1,4946,2058,223,1559,0,1106
2026,6,DL,Delta Air Lines Network,JFK,"New York, NY: John F. Kennedy International",2574,515,141.02,14.66,232.54,1.55,125.23,27,21,40107,14857,1029,14018,166,10037
2026,6,DL,Delta Air Lines Network,JNU,"Juneau, AK: Juneau International",24,6,3.54,0,0.73,0,1.73,0,0,237,168,0,23,0,46
2026,6,DL,Delta Air Lines Network,KOA,"Kona, HI: Ellison Onizuka Kona International at Keahole",60,11,6.53,0,3.5,0,0.97,0,0,439,319,0,89,0,31
2026,6,DL,Delta Air Lines Network,LAS,"Las Vegas, NV: Harry Reid International",1214,283,113.17,3.5,123.07,1,42.26,2,0,15855,7368,451,5586,89,2361
2026,6,DL,Delta Air Lines Network,LAX,"Los Angeles, CA: Los Angeles International",3338,684,245.34,23.18,227.38,0,188.11,21,1,47528,24710,2110,7370,0,13338
2026,6,DL,Delta Air Lines Network,LEX,"Lexington, KY: Blue Grass",197,25,16.81,1.29,3.05,0,3.86,3,0,1454,858,37,213,0,346
2026,6,DL,Delta Air Lines Network,LGA,"New York, NY: LaGuardia",2379,526,126.59,19.63,234.27,0,145.51,63,34,44653,14362,1949,17085,0,11257
2026,6,DL,Delta Air Lines Network,LGB,"Long Beach, CA: Long Beach Airport",60,3,2,0,0,0,1,2,0,123,96,0,0,0,27
2026,6,DL,Delta Air Lines Network,LIH,"Lihue, HI: Lihue Airport",60,14,7.07,0,1.3,0,5.63,0,0,1053,789,0,40,0,224
2026,6,DL,Delta Air Lines Network,LIT,"Little Rock, AR: Bill and Hillary Clinton Nat Adams Field",195,19,8.63,0.96,5.44,0,3.96,0,0,792,371,27,180,0,214
2026,6,DL,Delta Air Lines Network,MCI,"Kansas City, MO: Kansas City International",739,139,71.61,1.97,28.64,0,36.78,4,2,9524,4793,833,1127,0,2771
2026,6,DL,Delta Air Lines Network,MCO,"Orlando, FL: Orlando International",1724,364,158.45,7.77,136.35,1,60.43,22,11,27797,13729,518,9030,21,4499
2026,6,DL,Delta Air Lines Network,MDT,"Harrisburg, PA: Harrisburg International",89,14,6.05,0,3.03,0,4.92,0,0,899,244,0,211,0,444
2026,6,DL,Delta Air Lines Network,MDW,"Chicago, IL: Chicago Midway International",113,17,6.06,0.78,5.08,0,5.08,0,0,1176,221,104,321,0,530
2026,6,DL,Delta Air Lines Network,MEM,"Memphis, TN: Memphis International",407,76,38.45,0.86,11.46,0,25.23,4,1,4629,2358,235,542,0,1494
2026,6,DL,Delta Air Lines Network,MIA,"Miami, FL: Miami International",904,152,75.37,5.03,42.03,0,29.56,12,4,10761,6277,325,2012,0,2147
2026,6,DL,Delta Air Lines Network,MKE,"Milwaukee, WI: General Mitchell International",337,54,35,1.95,5.04,0.7,11.31,3,3,3756,2328,274,323,39,792
2026,6,DL,Delta Air Lines Network,MLB,"Melbourne, FL: Melbourne Orlando International",120,15,7.15,0.08,3.43,0,4.34,1,0,805,283,9,275,0,238
2026,6,DL,Delta Air Lines Network,MOB,"Mobile, AL: Mobile Regional",69,9,5.73,0,2.16,0,1.11,3,0,1001,550,0,253,0,198
2026,6,DL,Delta Air Lines Network,MSN,"Madison, WI: Dane County Regional-Truax Field",148,22,11.39,1.47,2.25,0,6.89,1,0,1496,995,54,63,0,384
2026,6,DL,Delta Air Lines Network,MSO,"Missoula, MT: Missoula Montana",90,18,7.77,0,2.21,0,8.02,0,0,1015,432,0,129,0,454
2026,6,DL,Delta Air Lines Network,MSP,"Minneapolis, MN: Minneapolis-St Paul International",6049,1095,340.41,36.82,282.51,1,434.27,51,13,87675,42390,3474,11021,46,30744
2026,6,DL,Delta Air Lines Network,MSY,"New Orleans, LA: Louis Armstrong New Orleans International",587,93,44.26,1.54,30.23,0,16.97,10,1,6126,2676,286,1281,0,1883
2026,6,DL,Delta Air Lines Network,MYR,"Myrtle Beach, SC: Myrtle Beach International",242,55,20.37,1.13,25.68,0,7.82,2,0,2552,1235,302,675,0,340
2026,6,DL,Delta Air Lines Network,OGG,"Kahului, HI: Kahului Airport",120,18,14.1,0,1.6,0,2.3,0,0,1676,1533,0,47,0,96
2026,6,DL,Delta Air Lines Network,OKC,"Oklahoma City, OK: Okc Will Rogers International",143,20,8.84,0.28,2.35,0,8.52,2,0,1397,574,20,82,0,721
2026,6,DL,Delta Air Lines Network,OMA,"Omaha, NE: Eppley Airfield",148,23,12.42,1.35,2.69,0,6.53,0,0,1457,799,152,127,0,379
2026,6,DL,Delta Air Lines Network,ONT,"Ontario, CA: Ontario International",163,30,17.53,0.5,6.12,0,5.85,2,0,1925,1063,49,271,0,542
2026,6,DL,Delta Air Lines Network,ORD,"Chicago, IL: Chicago O'Hare International",1091,306,91.94,10.08,150.71,0,53.27,48,9,27499,7130,1686,13489,0,5194
2026,6,DL,Delta Air Lines Network,ORF,"Norfolk, VA: Norfolk International",293,52,25.95,1.39,12.45,0,12.22,3,2,2962,1371,82,697,0,812
2026,6,DL,Delta Air Lines Network,PBI,"West Palm Beach/Palm Beach, FL: Palm Beach International",548,79,40.39,3.09,14.02,0,21.49,12,1,6218,3688,209,988,0,1333
2026,6,DL,Delta Air Lines Network,PDX,"Portland, OR: Portland International",642,123,54.04,0.5,42.68,0,25.79,5,0,6177,3072,53,1848,0,1204
2026,6,DL,Delta Air Lines Network,PHL,"Philadelphia, PA: Philadelphia International",591,110,36.23,5.09,45.15,0,23.53,12,0,7108,2204,684,2749,0,1471
2026,6,DL,Delta Air Lines Network,PHX,"Phoenix, AZ: Phoenix Sky Harbor International",833,150,73.69,0.75,42.73,0,32.82,1,0,7319,3923,45,1530,0,1821
2026,6,DL,Delta Air Lines Network,PIT,"Pittsburgh, PA: Pittsburgh International",296,39,20.81,2.16,8.06,0,7.97,5,1,2820,1706,230,361,0,523
2026,6,DL,Delta Air Lines Network,PNS,"Pensacola, FL: Pensacola International",262,36,12.71,1.86,11.52,0,9.91,2,0,3006,795,347,636,0,1228
2026,6,DL,Delta Air Lines Network,PSC,"Pasco/Kennewick/Richland, WA: Tri Cities",60,13,5.88,0,2.13,0,4.99,0,0,1896,1344,0,72,0,480
2026,6,DL,Delta Air Lines Network,PSP,"Palm Springs, CA: Palm Springs International",1,0,0,0,0,0,0,0,0,0,0,0,0,0,0
2026,6,DL,Delta Air Lines Network,PVD,"Providence, RI: Rhode Island Tf Green International",140,23,13.82,1.12,3.71,0.92,3.43,1,1,1387,885,39,211,24,228
2026,6,DL,Delta Air Lines Network,PWM,"Portland, ME: Portland International Jetport",165,26,12.55,0,10.8,0,2.65,2,1,1285,638,0,423,0,224
2026,6,DL,Delta Air Lines Network,RAP,"Rapid City, SD: Rapid City Regional",7,0,0,0,0,0,0,0,0,0,0,0,0,0,0
2026,6,DL,Delta Air Lines Network,RDU,"Raleigh/Durham, NC: Raleigh-Durham International",991,160,54.12,3.29,47.37,0.74,54.47,14,0,11895,4322,367,2004,35,5167
2026,6,DL,Delta Air Lines Network,RIC,"Richmond, VA: Richmond International",259,28,10.18,0.7,7.59,0,9.54,3,1,1389,393,136,412,0,448
2026,6,DL,Delta Air Lines Network,RNO,"Reno, NV: Reno/Tahoe International",114,28,12.28,0.11,4.84,0,10.77,0,1,1972,949,16,242,0,765
2026,6,DL,Delta Air Lines Network,ROA,"Roanoke, VA: Roanoke Blacksburg Regional",30,5,3.86,0.44,0.23,0,0.47,2,0,190,121,29,9,0,31
2026,6,DL,Delta Air Lines Network,ROC,"Rochester, NY: Frederick Douglass Grtr Rochester International",112,12,7.19,1,1.47,0,2.34,5,0,1213,786,109,104,0,214
2026,6,DL,Delta Air Lines Network,RSW,"Fort Myers, FL: Southwest Florida International",515,82,38.26,1.87,23.62,0,18.25,3,6,4387,2083,60,1183,0,1061
2026,6,DL,Delta Air Lines Network,SAN,"San Diego, CA: San Diego International",797,164,56.44,5.75,67.62,1,33.2,7,3,8714,3376,471,3313,99,1455
2026,6,DL,Delta Air Lines Network,SAT,"San Antonio, TX: San Antonio International",593,103,54.76,1.8,22.94,0,23.5,11,5,5704,3179,50,825,0,1650
2026,6,DL,Delta Air Lines Network,SAV,"Savannah, GA: Savannah/Hilton Head International",342,48,23.56,0,16,0,8.44,2,0,2920,1327,0,865,0,728
2026,6,DL,Delta Air Lines Network,SDF,"Louisville, KY: Louisville Muhammad Ali International",236,29,14.89,1.51,7.11,0,5.5,1,1,1805,902,88,446,0,369
2026,6,DL,Delta Air Lines Network,SEA,"Seattle, WA: Seattle/Tacoma International",2884,514,194.4,12.64,177.11,0,129.85,14,3,34712,18858,1433,5917,0,8504
2026,6,DL,Delta Air Lines Network,SFO,"San Francisco, CA: San Francisco International",1265,635,97.02,4.72,470.21,0.83,62.22,7,1,33971,8568,404,20466,63,4470
2026,6,DL,Delta Air Lines Network,SGF,"Springfield, MO: Springfield-Branson National",60,6,1.33,0.24,0.85,0,3.58,1,1,426,70,15,59,0,282
2026,6,DL,Delta Air Lines Network,SJC,"San Jose, CA: Norman Y. Mineta San Jose International",326,55,29.48,1.22,4.12,0,20.18,2,0,4323,2586,94,216,0,1427
2026,6,DL,Delta Air Lines Network,SJU,"San Juan, PR: Luis Munoz Marin International",295,49,24.98,1.58,11.38,2,9.06,0,1,2322,1285,66,364,144,463
2026,6,DL,Delta Air Lines Network,SLC,"Salt Lake City, UT: Salt Lake City International",4670,721,260.05,19.4,163.16,0,278.38,24,1,50740,24799,1373,6266,0,18302
2026,6,DL,Delta Air Lines Network,SMF,"Sacramento, CA: Sacramento International",293,44,25.28,2.69,7.2,0,8.83,1,0,2570,1531,273,256,0,510
2026,6,DL,Delta Air Lines Network,SNA,"Santa Ana, CA: John Wayne Airport-Orange County",367,92,40.44,2.79,33.31,0,15.46,2,4,4891,2602,229,1116,0,944
2026,6,DL,Delta Air Lines Network,SRQ,"Sarasota/Bradenton, FL: Sarasota/Bradenton International",228,25,11.55,2,5.97,1,4.48,2,0,1580,687,170,430,75,218
2026,6,DL,Delta Air Lines Network,STL,"St. Louis, MO: St Louis Lambert International",478,84,40.92,2.54,10.78,0,29.76,7,3,5146,2841,108,464,0,1733
2026,6,DL,Delta Air Lines Network,STT,"Charlotte Amalie, VI: Cyril E King",93,11,7.83,0,0.63,0,2.54,0,0,414,317,0,40,0,57
2026,6,DL,Delta Air Lines Network,STX,"Christiansted, VI: Henry E. Rohlsen",4,2,1.15,0,0.12,0,0.73,0,0,77,33,0,6,0,38
2026,6,DL,Delta Air Lines Network,SYR,"Syracuse, NY: Syracuse Hancock International",152,29,18.66,0.4,5.93,0,4,3,1,1841,1098,149,374,0,220
2026,6,DL,Delta Air Lines Network,TLH,"Tallahassee, FL: Tallahassee International",185,18,8.08,1.4,3.33,0,5.19,1,1,1582,557,216,175,0,634
2026,6,DL,Delta Air Lines Network,TPA,"Tampa, FL: Tampa International",1168,190,89.26,4.57,41.08,1,54.1,8,0,12524,6398,321,1934,24,3847
2026,6,DL,Delta Air Lines Network,TRI,"Bristol/Johnson City/Kingsport, TN: Tri Cities",55,7,3.95,0,1.17,0,1.88,2,0,1349,530,0,522,0,297
2026,6,DL,Delta Air Lines Network,TUL,"Tulsa, OK: Tulsa International",136,14,8.26,0,1.89,0,3.85,2,1,825,395,0,72,0,358
2026,6,DL,Delta Air Lines Network,TUS,"Tucson, AZ: Tucson International",60,6,3.96,0,0.95,0,1.1,0,0,474,184,0,112,0,178
2026,6,DL,Delta Air Lines Network,TVC,"Traverse City, MI: Cherry Capital",49,12,4.57,0,2.11,0,5.32,3,0,622,186,0,85,0,351
2026,6,DL,Delta Air Lines Network,TYS,"Knoxville, TN: McGhee Tyson",155,22,7.94,2.5,5.28,0,6.28,0,0,1091,342,127,288,0,334
2026,6,DL,Delta Air Lines Network,VPS,"Valparaiso, FL: Eglin AFB Destin Fort Walton Beach",252,40,17.91,2.13,9.27,0,10.68,2,0,2761,1157,303,474,0,827
2026,6,DL,Delta Air Lines Network,XNA,"Fayetteville, AR: Northwest Arkansas National",15,3,1.08,0.28,1.54,0,0.11,0,0,198,51,24,116,0,7
2026,6,F9,Frontier Airlines,ATL,"Atlanta, GA: Hartsfield-Jackson Atlanta International",2035,683,139.69,14.28,303.27,0,225.76,70,6,53164,12462,2000,15687,0,23015
2026,6,F9,Frontier Airlines,AUS,"Austin, TX: Austin - Bergstrom International",131,38,10.36,1.22,7.99,0,18.42,0,1,2555,519,137,381,0,1518
2026,6,F9,Frontier Airlines,BDL,"Hartford, CT: Bradley International",46,9,3.37,0.8,3.39,0,1.44,0,0,484,155,82,112,0,135
2026,6,F9,Frontier Airlines,BNA,"Nashville, TN: Nashville International",68,15,1,2.81,7.71,0,3.48,1,0,872,22,189,499,0,162
2026,6,F9,Frontier Airlines,BOI,"Boise, ID: Boise Air Terminal",13,4,0.51,0,2,0,1.49,0,0,95,13,0,46,0,36
2026,6,F9,Frontier Airlines,BOS,"Boston, MA: Logan International",77,18,5.97,0,0.32,0,11.7,3,0,1181,387,0,10,0,784
2026,6,F9,Frontier Airlines,BQN,"Aguadilla, PR: Rafael Hernandez",47,11,4.45,1.95,1.05,0,3.55,0,0,1145,370,89,400,0,286
2026,6,F9,Frontier Airlines,BUF,"Buffalo, NY: Buffalo Niagara International",66,23,2.1,0.51,4.62,0,15.77,1,0,2188,246,76,290,0,1576
2026,6,F9,Frontier Airlines,BUR,"Burbank, CA: Bob Hope",22,6,1.03,0.72,0.48,0,3.77,1,0,1454,29,537,80,0,808
2026,6,F9,Frontier Airlines,BWI,"Baltimore, MD: Baltimore/Washington International Thurgood Marshall",387,118,24.08,4.35,31.39,0,58.19,12,0,8045,1815,666,1783,0,3781
2026,6,F9,Frontier Airlines,CID,"Cedar Rapids/Iowa City, IA: The Eastern Iowa",15,2,1,0,1,0,0,0,0,82,16,0,66,0,0
2026,6,F9,Frontier Airlines,CLE,"Cleveland, OH: Cleveland-Hopkins International",615,153,36.85,3.88,30.08,0,82.19,14,1,13453,2997,342,1356,0,8758
2026,6,F9,Frontier Airlines,CLT,"Charlotte, NC: Charlotte Douglas International",319,82,17.15,3.21,35.92,0,25.72,7,0,5901,1614,629,1645,0,2013
2026,6,F9,Frontier Airlines,CMH,"Columbus, OH: John Glenn Columbus International",54,17,3.94,1.25,4.71,0,7.1,1,0,2339,1140,96,269,0,834
2026,6,F9,Frontier Airlines,CRP,"Corpus Christi, TX: Corpus Christi International",8,2,0,0,1,0,1,1,0,242,0,0,24,0,218
2026,6,F9,Frontier Airlines,CVG,"Cincinnati, OH: Cincinnati/Northern Kentucky International",211,42,11.67,2.26,5.1,0,22.96,2,0,3472,723,346,355,0,2048
2026,6,F9,Frontier Airlines,DCA,"Washington, DC: Ronald Reagan Washington National",80,18,2.39,1.96,10.08,0,3.57,0,0,1323,71,79,926,0,247
2026,6,F9,Frontier Airlines,DEN,"Denver, CO: Denver International",2149,535,112.96,11.42,170,0,240.62,21,9,48887,10035,2598,10178,0,26076
2026,6,F9,Frontier Airlines,DFW,"Dallas/Fort Worth, TX: Dallas/Fort Worth International",1135,387,75.84,7.54,141.23,0,162.39,27,16,31793,4322,1684,7305,0,18482
2026,6,F9,Frontier Airlines,DSM,"Des Moines, IA: Des Moines International",13,1,0,0,1,0,0,0,0,21,0,0,21,0,0
2026,6,F9,Frontier Airlines,DTW,"Detroit, MI: Detroit Metro Wayne County",289,77,22.13,0,13.62,0,41.25,5,1,6296,987,0,494,0,4815
2026,6,F9,Frontier Airlines,ELP,"El Paso, TX: El Paso International",60,14,2.25,0.25,5.96,0,5.53,2,0,671,114,26,295,0,236
2026,6,F9,Frontier Airlines,EWR,"Newark, NJ: Newark Liberty International",119,41,9.87,0.52,11.07,0,19.55,4,0,3578,795,12,993,0,1778
2026,6,F9,Frontier Airlines,FAR,"Fargo, ND: Hector International",17,1,1,0,0,0,0,0,0,15,15,0,0,0,0
2026,6,F9,Frontier Airlines,FLL,"Fort Lauderdale, FL: Fort Lauderdale-Hollywood International",432,110,23.58,4.22,29.01,0,53.19,9,1,8319,2305,756,1138,0,4120
2026,6,F9,Frontier Airlines,FSD,"Sioux Falls, SD: Joe Foss Field",13,0,0,0,0,0,0,0,0,0,0,0,0,0,0
2026,6,F9,Frontier Airlines,GEG,"Spokane, WA: Spokane International",12,1,0,0,1,0,0,0,0,21,0,0,21,0,0
2026,6,F9,Frontier Airlines,GRR,"Grand Rapids, MI: Gerald R. Ford International",33,5,3.12,0,1.27,0,0.61,0,0,336,252,0,61,0,23
2026,6,F9,Frontier Airlines,IAD,"Washington, DC: Washington Dulles International",218,63,20.35,1.49,12.45,0,28.7,6,1,4505,1078,102,829,0,2496
2026,6,F9,Frontier Airlines,IAH,"Houston, TX: George Bush Intercontinental/Houston",585,151,31.74,3.91,54.21,0,61.13,13,1,11219,2238,190,3262,0,5529
2026,6,F9,Frontier Airlines,IND,"Indianapolis, IN: Indianapolis International",88,19,4.63,2.33,2.87,0,9.17,1,1,1328,218,383,153,0,574
2026,6,F9,Frontier Airlines,ISP,"Islip, NY: Long Island MacArthur",62,20,3.56,3.32,2.12,0,10.99,1,0,1774,232,573,83,0,886
2026,6,F9,Frontier Airlines,JAX,"Jacksonville, FL: Jacksonville International",83,22,8.04,0,5.29,0,8.67,2,1,1839,431,0,187,0,1221
2026,6,F9,Frontier Airlines,JFK,"New York, NY: John F. Kennedy International",30,8,4.53,0,0.6,0,2.88,0,0,1148,311,0,52,0,785
2026,6,F9,Frontier Airlines,LAS,"Las Vegas, NV: Harry Reid International",1243,398,80.9,6.28,119.17,0,191.65,31,1,37875,10568,701,8446,0,18160
2026,6,F9,Frontier Airlines,LAX,"Los Angeles, CA: Los Angeles International",489,111,33.22,3.62,20.54,0,53.62,7,0,7547,2581,226,692,0,4048
2026,6,F9,Frontier Airlines,LGA,"New York, NY: LaGuardia",180,92,20.95,4.49,38.85,0,27.72,16,1,7438,1421,437,2576,0,3004
2026,6,F9,Frontier Airlines,LIT,"Little Rock, AR: Bill and Hillary Clinton Nat Adams Field",12,4,2.2,0,1.52,0,0.28,0,0,338,199,0,120,0,19
2026,6,F9,Frontier Airlines,MCI,"Kansas City, MO: Kansas City International",47,10,3.31,0,1.43,0,5.26,0,0,381,93,0,37,0,251
2026,6,F9,Frontier Airlines,MCO,"Orlando, FL: Orlando International",1682,450,108.85,4.09,78.62,0,258.44,25,9,48448,10922,269,4022,0,33235
2026,6,F9,Frontier Airlines,MDW,"Chicago, IL: Chicago Midway International",83,31,7.83,1.01,6.12,0,16.04,3,0,2742,554,140,685,0,1363
2026,6,F9,Frontier Airlines,MEM,"Memphis, TN: Memphis International",25,8,1.43,0.16,2.21,0,4.21,0,0,597,40,15,167,0,375
2026,6,F9,Frontier Airlines,MIA,"Miami, FL: Miami International",341,94,29.95,3,13.62,0,47.43,6,0,6995,1846,214,666,0,4269
2026,6,F9,Frontier Airlines,MKE,"Milwaukee, WI: General Mitchell International",22,5,2.1,0,1.3,0,1.61,0,0,217,115,0,47,0,55
2026,6,F9,Frontier Airlines,MSN,"Madison, WI: Dane County Regional-Truax Field",12,2,0.04,0,1.59,0,0.37,0,0,45,1,0,34,0,10
2026,6,F9,Frontier Airlines,MSP,"Minneapolis, MN: Minneapolis-St Paul International",115,34,11.42,1,4.71,0,16.87,2,1,2262,899,179,233,0,951
2026,6,F9,Frontier Airlines,MSY,"New Orleans, LA: Louis Armstrong New Orleans International",85,19,4.23,1.03,2.08,0,11.67,3,1,1726,729,22,158,0,817
2026,6,F9,Frontier Airlines,MYR,"Myrtle Beach, SC: Myrtle Beach International",38,8,1.62,0,2,0,4.38,1,1,589,97,0,173,0,319
2026,6,F9,Frontier Airlines,OKC,"Oklahoma City, OK: Okc Will Rogers International",53,7,1.6,0,1.03,0,4.38,2,0,431,100,0,23,0,308
2026,6,F9,Frontier Airlines,OMA,"Omaha, NE: Eppley Airfield",30,11,0.48,1.06,1.5,0,7.96,0,0,997,50,81,56,0,810
2026,6,F9,Frontier Airlines,ONT,"Ontario, CA: Ontario International",238,65,22.4,1.02,6.58,0,35,3,0,4327,1445,82,255,0,2545
2026,6,F9,Frontier Airlines,ORD,"Chicago, IL: Chicago O'Hare International",270,92,17.88,3.12,34.54,0,36.46,8,1,11953,1789,275,5367,0,4522
2026,6,F9,Frontier Airlines,ORF,"Norfolk, VA: Norfolk International",58,11,0.35,1,1,0,8.65,1,0,950,28,103,29,0,790
2026,6,F9,Frontier Airlines,PBI,"West Palm Beach/Palm Beach, FL: Palm Beach International",17,7,2.01,1.14,2.95,0,0.89,0,0,409,82,58,170,0,99
2026,6,F9,Frontier Airlines,PDX,"Portland, OR: Portland International",68,7,2.51,0.84,1.46,0,2.19,3,0,358,72,67,37,0,182
2026,6,F9,Frontier Airlines,PHL,"Philadelphia, PA: Philadelphia International",798,226,55.07,10.97,47.01,0,112.95,14,0,20563,5726,1061,3603,0,10173
2026,6,F9,Frontier Airlines,PHX,"Phoenix, AZ: Phoenix Sky Harbor International",537,124,38.77,3.72,16.55,0,64.95,6,0,8658,3291,243,721,0,4403
2026,6,F9,Frontier Airlines,PIT,"Pittsburgh, PA: Pittsburgh International",22,6,1.91,0,3,0,1.09,0,0,435,229,0,96,0,110
2026,6,F9,Frontier Airlines,PNS,"Pensacola, FL: Pensacola International",17,2,1.38,0,0.23,0,0.38,0,0,138,93,0,17,0,28
2026,6,F9,Frontier Airlines,PSE,"Ponce, PR: Mercedita",30,1,1,0,0,0,0,0,0,79,79,0,0,0,0
2026,6,F9,Frontier Airlines,RDU,"Raleigh/Durham, NC: Raleigh-Durham International",401,96,25.46,2.49,17.82,0,50.23,5,2,7580,2166,183,758,0,4473
2026,6,F9,Frontier Airlines,RIC,"Richmond, VA: Richmond International",11,1,0.18,0,0.82,0,0,0,0,17,3,0,14,0,0
2026,6,F9,Frontier Airlines,RNO,"Reno, NV: Reno/Tahoe International",39,9,1.05,0.14,0.05,0,7.76,2,0,1091,49,45,1,0,996
2026,6,F9,Frontier Airlines,RSW,"Fort Myers, FL: Southwest Florida International",68,10,4.26,0,2.06,0,3.68,1,0,1027,867,0,49,0,111
2026,6,F9,Frontier Airlines,SAN,"San Diego, CA: San Diego International",179,57,10.12,1.55,17.73,0,27.6,5,0,4501,1179,283,1253,0,1786
2026,6,F9,Frontier Airlines,SAT,"San Antonio, TX: San Antonio International",68,18,2.34,1.12,5.7,0,8.85,1,0,1242,196,58,230,0,758
2026,6,F9,Frontier Airlines,SEA,"Seattle, WA: Seattle/Tacoma International",143,26,3.01,0,8.97,0,14.02,2,1,1719,300,0,284,0,1135
2026,6,F9,Frontier Airlines,SFO,"San Francisco, CA: San Francisco International",392,215,9.59,3.04,160.83,0,41.54,10,1,13965,1269,114,8414,0,4168
2026,6,F9,Frontier Airlines,SJC,"San Jose, CA: Norman Y. Mineta San Jose International",40,6,1.53,0,0.39,0,4.08,2,0,189,48,0,14,0,127
2026,6,F9,Frontier Airlines,SJU,"San Juan, PR: Luis Munoz Marin International",467,136,41.3,6.35,25.45,0,62.91,5,1,11694,4016,1175,1681,0,4822
2026,6,F9,Frontier Airlines,SLC,"Salt Lake City, UT: Salt Lake City International",274,41,9.74,1.96,11.42,0,17.88,1,0,2530,712,157,448,0,1213
2026,6,F9,Frontier Airlines,SMF,"Sacramento, CA: Sacramento International",77,11,1.41,0,0.94,0,8.64,1,0,424,41,0,17,0,366
2026,6,F9,Frontier Airlines,SNA,"Santa Ana, CA: John Wayne Airport-Orange County",92,14,6.15,0,0.48,0,7.37,1,0,2103,377,0,16,0,1710
2026,6,F9,Frontier Airlines,SRQ,"Sarasota/Bradenton, FL: Sarasota/Bradenton International",11,4,0.96,0.33,0.75,0,1.96,0,0,117,24,7,16,0,70
2026,6,F9,Frontier Airlines,STL,"St. Louis, MO: St Louis Lambert International",147,47,16.94,2.97,7.76,0,19.33,5,0,3532,906,192,324,0,2110
2026,6,F9,Frontier Airlines,TPA,"Tampa, FL: Tampa International",535,124,42.26,1.72,21.39,0,58.62,5,1,10230,4101,208,724,0,5197
2026,6,F9,Frontier Airlines,TTN,"Trenton, NJ: Trenton Mercer",87,14,3.24,3.19,2.25,0,5.33,1,0,896,171,190,115,0,420
2026,6,F9,Frontier Airlines,TYS,"Knoxville, TN: McGhee Tyson",12,1,0,0.14,0.2,0,0.67,0,0,123,0,17,24,0,82
2026,6,F9,Frontier Airlines,XNA,"Fayetteville, AR: Northwest Arkansas National",17,2,0.03,0,1,0,0.97,0,0,95,2,0,27,0,66
2026,6,G4,Allegiant Air,ABE,"Allentown/Bethlehem/Easton, PA: Lehigh Valley International",197,55,13.48,4.05,8.54,0,28.93,1,0,8120,2905,1679,870,0,2666
2026,6,G4,Allegiant Air,ACY,"Atlantic City, NJ: Atlantic City International",54,25,8.98,0,4.42,0,11.6,0,0,1839,605,0,297,0,937
2026,6,G4,Allegiant Air,ALB,"Albany, NY: Albany International",72,24,4.39,3.02,7.04,1,8.55,0,0,1782,685,316,239,28,514
2026,6,G4,Allegiant Air,ATW,"Appleton, WI: Appleton International",151,25,6.44,5.95,6.11,0,6.5,0,0,2191,647,918,270,0,356
2026,6,G4,Allegiant Air,AUS,"Austin, TX: Austin - Bergstrom International",95,41,8.94,2.05,16.68,0.96,12.38,0,0,2788,1146,110,695,43,794
2026,6,G4,Allegiant Air,AVL,"Asheville, NC: Asheville Regional",310,98,18.08,5.91,17.57,0,56.44,3,3,10569,3447,562,841,0,5719
2026,6,G4,Allegiant Air,AZA,"Phoenix, AZ: Mesa Gateway",504,132,27.18,4.93,46.05,0,53.84,3,0,11046,5093,509,1922,0,3522
2026,6,G4,Allegiant Air,BGR,"Bangor, ME: Bangor International",40,6,2.87,1.93,1.03,0,0.17,1,0,194,129,42,18,0,5
2026,6,G4,Allegiant Air,BIL,"Billings, MT: Billings Logan International",26,3,2.86,0,0.14,0,0,0,1,135,132,0,3,0,0
2026,6,G4,Allegiant Air,BIS,"Bismarck/Mandan, ND: Bismarck Municipal",22,11,2.09,1.21,2.1,0,5.6,1,0,457,67,70,66,0,254
2026,6,G4,Allegiant Air,BLI,"Bellingham, WA: Bellingham International",55,12,2.47,0,2.77,0,6.76,0,0,1382,558,0,81,0,743
2026,6,G4,Allegiant Air,BLV,"Belleville, IL: Scott AFB MidAmerica St Louis",181,64,18.72,2.83,19.75,0.87,21.82,2,0,4477,1463,583,935,13,1483
2026,6,G4,Allegiant Air,BMI,"Bloomington/Normal, IL: Central Il Regional Airport at Bloomington",22,6,0.66,0.9,1.57,0,2.88,0,0,635,40,254,120,0,221
2026,6,G4,Allegiant Air,BNA,"Nashville, TN: Nashville International",257,70,15.29,3.15,18.69,0,32.87,1,0,5800,640,327,785,0,4048
2026,6,G4,Allegiant Air,BOI,"Boise, ID: Boise Air Terminal",12,3,1,0.74,0.01,0,1.25,0,0,368,160,134,1,0,73
2026,6,G4,Allegiant Air,BOS,"Boston, MA: Logan International",67,8,2,2.88,3.12,0,0,0,1,936,63,793,80,0,0
2026,6,G4,Allegiant Air,BUR,"Burbank, CA: Bob Hope",34,13,4.69,0,5.95,0,2.36,0,0,1037,682,0,169,0,186
2026,6,G4,Allegiant Air,BZN,"Bozeman, MT: Bozeman Yellowstone International",40,4,2.87,0,1.13,0,0,0,0,1106,1080,0,26,0,0
2026,6,G4,Allegiant Air,CAK,"Akron, OH: Akron-Canton Regional",157,50,15.16,7.1,7.1,0,20.64,0,1,4690,2629,485,226,0,1350
2026,6,G4,Allegiant Air,CHA,"Chattanooga, TN: Lovell Field",30,10,2.7,0.57,0.96,0,5.77,0,0,674,207,45,22,0,400
2026,6,G4,Allegiant Air,CHS,"Charleston, SC: Charleston AFB/International",21,11,1.29,0.11,2.28,0,7.32,0,0,709,96,10,76,0,527
2026,6,G4,Allegiant Air,CID,"Cedar Rapids/Iowa City, IA: The Eastern Iowa",86,13,3.03,1.9,5.78,0,2.29,0,0,732,158,161,237,0,176
2026,6,G4,Allegiant Air,CKB,"Clarksburg/Fairmont, WV: North Central West Virginia",29,10,2.29,0.11,1.89,0,5.71,0,0,737,91,7,156,0,483
2026,6,G4,Allegiant Air,COS,"Colorado Springs, CO: City of Colorado Springs Municipal",18,2,0.1,0,0,1,0.9,0,0,46,3,0,0,15,28
2026,6,G4,Allegiant Air,COU,"Columbia, MO: Columbia Regional",16,3,2.86,0,0.14,0,0,0,0,162,152,0,10,0,0
2026,6,G4,Allegiant Air,CVG,"Cincinnati, OH: Cincinnati/Northern Kentucky International",411,150,30.17,9.61,22.32,1,86.9,1,2,17344,8217,848,1126,18,7135
2026,6,G4,Allegiant Air,DAY,"Dayton, OH: James M Cox/Dayton International",34,16,4.67,1.29,2.47,0,7.57,0,0,2254,1241,181,118,0,714
2026,6,G4,Allegiant Air,DEN,"Denver, CO: Denver International",62,8,2.87,1,3.96,0,0.16,1,1,601,258,21,310,0,12
2026,6,G4,Allegiant Air,DSM,"Des Moines, IA: Des Moines International",214,75,15.34,9.45,16.77,0.23,33.21,1,0,6041,1375,1260,803,6,2597
2026,6,G4,Allegiant Air,ELM,"Elmira/Corning, NY: Elmira/Corning Regional",29,12,4.19,0,2.24,0,5.57,0,0,978,177,0,390,0,411
2026,6,G4,Allegiant Air,EUG,"Eugene, OR: Mahlon Sweet Field",27,9,2.65,0,1.1,0,5.25,0,0,376,96,0,52,0,228
2026,6,G4,Allegiant Air,EVV,"Evansville, IN: Evansville Regional",34,14,5.14,1.9,1.15,0,5.82,0,0,2471,1625,216,133,0,497
2026,6,G4,Allegiant Air,EWR,"Newark, NJ: Newark Liberty International",61,5,2,0.93,1.07,1,0,0,0,434,330,39,26,39,0
2026,6,G4,Allegiant Air,EYW,"Key West, FL: Key West International",93,25,9.64,1.39,5.73,1,7.24,0,3,1707,683,305,209,130,380
2026,6,G4,Allegiant Air,FAR,"Fargo, ND: Hector International",51,5,2.35,0.33,0.67,0,1.65,1,0,669,488,5,10,0,166
2026,6,G4,Allegiant Air,FAT,"Fresno, CA: Fresno Yosemite International",55,13,5.15,1,3.03,0,3.82,1,0,548,249,38,92,0,169
2026,6,G4,Allegiant Air,FCA,"Kalispell, MT: Glacier Park International",21,5,0.88,1.2,2.12,0,0.8,0,0,192,24,71,64,0,33
2026,6,G4,Allegiant Air,FLL,"Fort Lauderdale, FL: Fort Lauderdale-Hollywood International",472,201,49.1,9.8,42.3,0,99.8,3,2,19817,7011,1878,3022,0,7906
2026,6,G4,Allegiant Air,FNT,"Flint, MI: Bishop International",101,31,9.97,2.14,5.66,0,13.23,0,0,2401,1211,111,234,0,845
2026,6,G4,Allegiant Air,FSD,"Sioux Falls, SD: Joe Foss Field",68,14,2.95,0.84,6.36,0,3.85,0,0,732,217,25,250,0,240
2026,6,G4,Allegiant Air,FWA,"Fort Wayne, IN: Fort Wayne International",87,9,1.77,1,2.03,0,4.2,0,0,964,158,234,342,0,230
2026,6,G4,Allegiant Air,GEG,"Spokane, WA: Spokane International",26,13,3.04,2.26,3.56,0,4.14,1,0,662,152,56,180,0,274
2026,6,G4,Allegiant Air,GRI,"Grand Island, NE: Central Nebraska Regional",20,6,3.18,0,0.87,0,1.95,0,1,671,435,0,65,0,171
2026,6,G4,Allegiant Air,GRR,"Grand Rapids, MI: Gerald R. Ford International",194,45,12.16,4.06,10.2,0,18.58,1,4,3196,1201,290,352,0,1353
2026,6,G4,Allegiant Air,GSO,"Greensboro/High Point, NC: Piedmont Triad International",9,3,0.73,0,1.27,1,0,0,0,81,33,0,32,16,0
2026,6,G4,Allegiant Air,GSP,"Greer, SC: Greenville-Spartanburg International",61,27,7.96,2.67,5.91,0,10.45,0,0,1936,723,179,310,0,724
2026,6,G4,Allegiant Air,GTF,"Great Falls, MT: Great Falls International",17,1,0,0,0.21,0,0.79,0,0,38,0,0,8,0,30
2026,6,G4,Allegiant Air,GUF,"Gulf Shores, AL: Gulf Shores International Jack Edwards Field",126,38,9.8,2.22,3.43,0,22.56,0,2,4752,2293,233,318,0,1908
2026,6,G4,Allegiant Air,HGR,"Hagerstown, MD: Hagerstown Regional-Richard A. Henson Field",34,10,0.34,2.1,2.22,0,5.33,0,1,1235,22,395,85,0,733
2026,6,G4,Allegiant Air,HOU,"Houston, TX: William P Hobby",38,8,2.03,0,3.35,0,2.62,0,1,538,152,0,93,0,293
2026,6,G4,Allegiant Air,HSV,"Huntsville, AL: Huntsville International-Carl T Jones Field",34,14,5.22,1.75,3.64,0,3.38,0,0,2577,2171,36,189,0,181
2026,6,G4,Allegiant Air,HTS,"Ashland, WV: Tri-State/Milton J. Ferguson Field",67,28,6.53,4.42,5.07,0,11.98,0,0,1762,335,518,147,0,762
2026,6,G4,Allegiant Air,IAD,"Washington, DC: Washington Dulles International",70,27,5.39,1.26,7.75,0,12.59,0,0,1704,322,171,371,0,840
2026,6,G4,Allegiant Air,IAG,"Niagara Falls, NY: Niagara Falls International",23,6,1.45,1.52,1.04,0,1.99,0,0,614,207,283,53,0,71
2026,6,G4,Allegiant Air,ICT,"Wichita, KS: Wichita Dwight D Eisenhower National",45,8,1.91,0.99,1.57,0,3.53,0,0,659,168,176,124,0,191
2026,6,G4,Allegiant Air,IDA,"Idaho Falls, ID: Idaho Falls Regional",47,15,8.9,0,0.83,0,5.27,0,0,3779,3357,0,91,0,331
2026,6,G4,Allegiant Air,IND,"Indianapolis, IN: Indianapolis International",203,62,13.82,6.83,10.96,0,30.38,3,3,4738,1132,852,569,0,2185
2026,6,G4,Allegiant Air,JAX,"Jacksonville, FL: Jacksonville International",119,45,15.5,0.84,11.82,0,16.84,0,1,2850,1052,67,632,0,1099
2026,6,G4,Allegiant Air,LAS,"Las Vegas, NV: Harry Reid International",597,187,33.2,8.12,80.32,0.13,65.23,3,0,22903,4457,1386,9201,4,7855
2026,6,G4,Allegiant Air,LCK,"Columbus, OH: Rickenbacker International",150,34,8.86,4.68,6.78,0,13.68,0,1,2151,501,241,368,0,1041
2026,6,G4,Allegiant Air,LEX,"Lexington, KY: Blue Grass",122,31,8.49,2.83,12.36,0.73,6.59,1,0,1687,529,374,411,11,362
2026,6,G4,Allegiant Air,LIT,"Little Rock, AR: Bill and Hillary Clinton Nat Adams Field",26,9,5.33,1.31,2.03,0,0.33,0,0,868,704,99,57,0,8
2026,6,G4,Allegiant Air,LRD,"Laredo, TX: Laredo International",8,1,1,0,0,0,0,0,0,179,179,0,0,0,0
2026,6,G4,Allegiant Air,LSE,"La Crosse, WI: La Crosse Regional",17,3,1,1,0.54,0,0.46,0,0,167,55,86,14,0,12
2026,6,G4,Allegiant Air,MCI,"Kansas City, MO: Kansas City International",42,10,1.66,2.27,3.6,0,2.48,0,0,704,198,223,176,0,107
2026,6,G4,Allegiant Air,MCO,"Orlando, FL: Orlando International",41,7,0.13,0,1.86,0,5.02,2,0,351,9,0,81,0,261
2026,6,G4,Allegiant Air,MDT,"Harrisburg, PA: Harrisburg International",106,23,6.94,3.49,6.86,0,5.7,0,0,1559,453,127,537,0,442
2026,6,G4,Allegiant Air,MDW,"Chicago, IL: Chicago Midway International",42,14,4.18,0.87,3.54,0,5.41,0,1,1073,463,36,99,0,475
2026,6,G4,Allegiant Air,MEM,"Memphis, TN: Memphis International",63,18,3.64,0.8,7.84,1.26,4.46,0,0,1264,103,51,864,30,216
2026,6,G4,Allegiant Air,MFE,"Mission/McAllen/Edinburg, TX: McAllen International",59,6,2.18,0,2.37,0,1.45,1,0,177,98,0,51,0,28
2026,6,G4,Allegiant Air,MFR,"Medford, OR: Rogue Valley International - Medford",26,7,4.1,0,0.62,0,2.28,0,0,1432,1238,0,34,0,160
2026,6,G4,Allegiant Air,MLB,"Melbourne, FL: Melbourne Orlando International",26,1,1,0,0,0,0,0,0,48,48,0,0,0,0
2026,6,G4,Allegiant Air,MLI,"Moline, IL: Quad Cities International",41,7,2.84,1.92,2.12,0,0.12,1,0,636,206,357,62,0,11
2026,6,G4,Allegiant Air,MOT,"Minot, ND: Minot International",18,0,0,0,0,0,0,0,0,0,0,0,0,0,0
2026,6,G4,Allegiant Air,MRY,"Monterey, CA: Monterey Regional",9,4,0.26,0.92,0.22,0,2.6,0,0,444,9,173,19,0,243
2026,6,G4,Allegiant Air,MSO,"Missoula, MT: Missoula Montana",29,5,2,0.21,1.55,0,1.24,0,0,255,116,4,55,0,80
2026,6,G4,Allegiant Air,MYR,"Myrtle Beach, SC: Myrtle Beach International",273,78,25.53,9.96,14.51,0,28,2,0,5874,2242,1017,583,0,2032
2026,6,G4,Allegiant Air,OKC,"Oklahoma City, OK: Okc Will Rogers International",46,15,3.12,0.99,4.96,0,5.93,0,1,950,259,87,216,0,388
2026,6,G4,Allegiant Air,OMA,"Omaha, NE: Eppley Airfield",69,22,7.25,0.45,5.56,1.69,7.05,1,0,1539,647,38,203,74,577
2026,6,G4,Allegiant Air,PBG,"Plattsburgh, NY: Plattsburgh International",25,5,0.34,2.37,1.69,0,0.59,0,0,257,15,125,94,0,23
2026,6,G4,Allegiant Air,PBI,"West Palm Beach/Palm Beach, FL: Palm Beach International",37,6,1,0.41,2.3,1,1.29,0,0,381,47,25,93,24,192
2026,6,G4,Allegiant Air,PDX,"Portland, OR: Portland International",78,26,5.63,0.14,11.28,0,8.95,0,0,4078,1094,22,649,0,2313
2026,6,G4,Allegiant Air,PGD,"Punta Gorda, FL: Punta Gorda Airport",554,158,30.11,22.79,25.47,0,79.64,2,3,20143,7111,2829,1884,0,8319
2026,6,G4,Allegiant Air,PHL,"Philadelphia, PA: Philadelphia International",25,10,2.98,0.97,4.1,0,1.95,0,0,937,332,143,290,0,172
2026,6,G4,Allegiant Air,PHX,"Phoenix, AZ: Phoenix Sky Harbor International",17,5,1.24,0,1.44,0,2.32,0,0,552,313,0,85,0,154
2026,6,G4,Allegiant Air,PIA,"Peoria, IL: General Downing - Peoria International",100,20,6.47,0.91,6.7,0,5.92,1,0,1564,610,111,397,0,446
2026,6,G4,Allegiant Air,PIE,"St. Petersburg, FL: St Pete Clearwater International",926,293,84.46,12.98,50.73,1.26,143.58,6,2,27912,10325,1435,3521,40,12591
2026,6,G4,Allegiant Air,PIT,"Pittsburgh, PA: Pittsburgh International",181,49,8.72,2.12,8.79,0,29.37,2,0,6497,3775,439,331,0,1952
2026,6,G4,Allegiant Air,PSC,"Pasco/Kennewick/Richland, WA: Tri Cities",28,4,3.41,0,0.03,0,0.56,0,0,368,347,0,2,0,19
2026,6,G4,Allegiant Air,PSM,"Portsmouth, NH: Portsmouth International at Pease",33,8,2.87,0.85,2.72,0,1.55,0,0,483,277,29,90,0,87
2026,6,G4,Allegiant Air,PVD,"Providence, RI: Rhode Island Tf Green International",13,1,0.6,0,0.4,0,0,0,1,58,35,0,23,0,0
2026,6,G4,Allegiant Air,PVU,"Provo, UT: Provo Municipal",156,60,19.23,1.75,10.81,0,28.21,1,0,8905,3640,105,374,0,4786
2026,6,G4,Allegiant Air,RAP,"Rapid City, SD: Rapid City Regional",34,9,3.8,1.7,0.61,0,2.89,0,0,801,191,237,29,0,344
2026,6,G4,Allegiant Air,RFD,"Rockford, IL: Chicago/Rockford International",96,17,9.15,0.83,4.03,0,3,0,0,2171,1532,129,211,0,299
2026,6,G4,Allegiant Air,RIC,"Richmond, VA: Richmond International",18,3,0,0,1.79,0,1.21,1,0,179,0,0,117,0,62
2026,6,G4,Allegiant Air,ROA,"Roanoke, VA: Roanoke Blacksburg Regional",17,6,2.91,0,1.22,0,1.87,0,0,407,199,0,122,0,86
2026,6,G4,Allegiant Air,RSW,"Fort Myers, FL: Southwest Florida International",8,3,0.97,1,1,0,0.03,0,1,468,191,88,183,0,6
2026,6,G4,Allegiant Air,SAV,"Savannah, GA: Savannah/Hilton Head International",103,30,11.09,1,2.97,0,14.94,0,1,3920,2127,19,147,0,1627
2026,6,G4,Allegiant Air,SBN,"South Bend, IN: South Bend International",93,19,6.68,3.5,2.48,0,6.34,0,0,1534,846,278,133,0,277
2026,6,G4,Allegiant Air,SCK,"Stockton, CA: Stockton Metro",40,8,2.61,0.52,1.69,0,3.17,0,0,561,126,13,53,0,369
2026,6,G4,Allegiant Air,SDF,"Louisville, KY: Louisville Muhammad Ali International",91,36,5.86,3.33,10.77,0,16.03,1,0,3927,441,324,1135,0,2027
2026,6,G4,Allegiant Air,SFB,"Sanford, FL: Orlando Sanford International",1001,436,81.69,37.4,102.3,0,214.61,7,1,49327,9832,5612,9114,0,24769
2026,6,G4,Allegiant Air,SGF,"Springfield, MO: Springfield-Branson National",107,25,8.36,3.75,6.37,0,6.52,1,0,1954,646,491,344,0,473
2026,6,G4,Allegiant Air,SHV,"Shreveport, LA: Shreveport Regional",34,7,3,1,0.48,0,2.53,0,0,675,522,50,29,0,74
2026,6,G4,Allegiant Air,SMX,"Santa Maria, CA: Santa Maria Public/Capt. G. Allan Hancock Field",8,1,0,1,0,0,0,0,0,25,0,25,0,0,0
2026,6,G4,Allegiant Air,SNA,"Santa Ana, CA: John Wayne Airport-Orange County",156,51,26.43,5.22,6.44,0,12.91,1,0,4202,2523,245,452,0,982
2026,6,G4,Allegiant Air,SPI,"Springfield, IL: Abraham Lincoln Capital",9,3,0.99,1.97,0.04,0,0,0,0,499,176,316,7,0,0
2026,6,G4,Allegiant Air,SRQ,"Sarasota/Bradenton, FL: Sarasota/Bradenton International",256,47,12.92,2.4,9.86,0.81,21.01,1,0,4221,1705,321,391,66,1738
2026,6,G4,Allegiant Air,STC,"St. Cloud, MN: St. Cloud Regional",8,0,0,0,0,0,0,0,0,0,0,0,0,0,0
2026,6,G4,Allegiant Air,SWF,"Newburgh/Poughkeepsie, NY: New York Stewart International",51,12,0.6,3.05,2.33,0,6.02,0,0,1067,34,442,97,0,494
2026,6,G4,Allegiant Air,SYR,"Syracuse, NY: Syracuse Hancock International",62,17,2.95,4.26,7.28,0,2.51,1,1,1150,177,342,425,0,206
2026,6,G4,Allegiant Air,TOL,"Toledo, OH: Eugene F Kranz Toledo Express",29,9,4.84,0.98,2.33,0,0.86,0,0,787,470,95,171,0,51
2026,6,G4,Allegiant Air,TRI,"Bristol/Johnson City/Kingsport, TN: Tri Cities",26,13,7.11,0,2.38,1,2.51,0,0,677,516,0,67,28,66
2026,6,G4,Allegiant Air,TTN,"Trenton, NJ: Trenton Mercer",25,1,0.21,0,0,0,0.79,0,1,33,7,0,0,0,26
2026,6,G4,Allegiant Air,TUL,"Tulsa, OK: Tulsa International",38,9,2.98,1.88,2.22,0,1.92,0,0,565,98,206,85,0,176
2026,6,G4,Allegiant Air,TVC,"Traverse City, MI: Cherry Capital",22,5,4.11,0,0.89,0,0,0,1,917,897,0,20,0,0
2026,6,G4,Allegiant Air,TYS,"Knoxville, TN: McGhee Tyson",316,107,23.02,12.12,20.35,0.47,51.04,1,1,9837,1422,3198,1149,9,4059
2026,6,G4,Allegiant Air,USA,"Concord, NC: Concord Padgett Regional",60,23,3.39,0.92,6.28,0,12.42,0,0,1660,187,80,342,0,1051
2026,6,G4,Allegiant Air,VPS,"Valparaiso, FL: Eglin AFB Destin Fort Walton Beach",428,195,33.18,6.66,58.18,0,96.98,7,0,19471,5880,1278,2640,0,9673
2026,6,G4,Allegiant Air,XNA,"Fayetteville, AR: Northwest Arkansas National",95,51,15.51,0.58,13.62,1.31,19.98,0,0,3671,1799,30,504,30,1308
2026,6,G7,GoJet Airlines LLC d/b/a United Express,ABE,"Allentown/Bethlehem/Easton, PA: Lehigh Valley International",63,24,7.74,0.08,6.44,0,9.74,2,2,2086,349,20,490,0,1227
2026,6,G7,GoJet Airlines LLC d/b/a United Express,ACK,"Nantucket, MA: Nantucket Memorial",60,4,1.07,0,0.19,0,2.74,1,1,224,21,0,3,0,200
2026,6,G7,GoJet Airlines LLC d/b/a United Express,ALB,"Albany, NY: Albany International",1,1,0.93,0,0.07,0,0,0,0,222,207,0,15,0,0
2026,6,G7,GoJet Airlines LLC d/b/a United Express,ATW,"Appleton, WI: Appleton International",142,27,5.44,1,8.41,0,12.15,6,0,2205,243,225,386,0,1351
2026,6,G7,GoJet Airlines LLC d/b/a United Express,AVL,"Asheville, NC: Asheville Regional",86,27,7.11,0,3.52,0,16.37,6,1,3042,887,0,393,0,1762
2026,6,G7,GoJet Airlines LLC d/b/a United Express,AVP,"Scranton/Wilkes-Barre, PA: Wilkes Barre Scranton International",60,20,3.21,0.65,2.83,0,13.32,3,0,2272,477,166,258,0,1371
2026,6,G7,GoJet Airlines LLC d/b/a United Express,BHM,"Birmingham, AL: Birmingham-Shuttlesworth International",60,6,2.65,0,2.17,0,1.18,3,1,476,161,0,97,0,218
2026,6,G7,GoJet Airlines LLC d/b/a United Express,BTV,"Burlington, VT: Patrick Leahy Burlington International",116,26,5.32,1.66,3.55,0,15.48,4,0,2598,347,459,269,0,1523
2026,6,G7,GoJet Airlines LLC d/b/a United Express,BUF,"Buffalo, NY: Buffalo Niagara International",89,17,3.45,0.35,3.3,0,9.9,0,0,1649,181,34,164,0,1270
2026,6,G7,GoJet Airlines LLC d/b/a United Express,CAE,"Columbia, SC: Columbia Metropolitan",117,20,7.26,0,4.51,0,8.23,4,0,1600,387,0,237,0,976
2026,6,G7,GoJet Airlines LLC d/b/a United Express,CHA,"Chattanooga, TN: Lovell Field",150,41,12.04,1.85,9.63,0,17.47,4,0,4332,1104,995,603,0,1630
2026,6,G7,GoJet Airlines LLC d/b/a United Express,CID,"Cedar Rapids/Iowa City, IA: The Eastern Iowa",32,9,4.02,0.83,2.36,0,1.8,3,0,484,220,109,68,0,87
2026,6,G7,GoJet Airlines LLC d/b/a United Express,CLT,"Charlotte, NC: Charlotte Douglas International",12,4,0.08,0,2.36,0,1.56,0,0,169,5,0,82,0,82
2026,6,G7,GoJet Airlines LLC d/b/a United Express,CMH,"Columbus, OH: John Glenn Columbus International",66,16,1.92,2.75,3.18,0,8.15,1,0,2609,191,1321,216,0,881
2026,6,G7,GoJet Airlines LLC d/b/a United Express,COU,"Columbia, MO: Columbia Regional",6,4,0.92,0,3.08,0,0,0,0,97,23,0,74,0,0
2026,6,G7,GoJet Airlines LLC d/b/a United Express,CVG,"Cincinnati, OH: Cincinnati/Northern Kentucky International",79,19,3.53,1.4,6.38,0,7.69,2,0,1613,467,94,221,0,831
2026,6,G7,GoJet Airlines LLC d/b/a United Express,DAY,"Dayton, OH: James M Cox/Dayton International",119,31,8.55,1.86,9.46,0,11.13,3,0,2230,409,221,635,0,965
2026,6,G7,GoJet Airlines LLC d/b/a United Express,DCA,"Washington, DC: Ronald Reagan Washington National",250,68,11.1,0,34.59,0,22.31,8,0,4605,847,0,1534,0,2224
2026,6,G7,GoJet Airlines LLC d/b/a United Express,DSM,"Des Moines, IA: Des Moines International",32,9,1.02,0.52,2.66,0,4.79,1,0,866,52,11,96,0,707
2026,6,G7,GoJet Airlines LLC d/b/a United Express,EWR,"Newark, NJ: Newark Liberty International",788,187,30.62,2.9,78.01,0,75.48,22,3,24356,4632,699,7656,0,11369
2026,6,G7,GoJet Airlines LLC d/b/a United Express,FAR,"Fargo, ND: Hector International",50,12,2.29,0.08,5.02,0,4.62,4,0,853,156,19,186,0,492
2026,6,G7,GoJet Airlines LLC d/b/a United Express,FSD,"Sioux Falls, SD: Joe Foss Field",90,19,4.16,1,5,0,8.85,2,0,1303,260,98,188,0,757
2026,6,G7,GoJet Airlines LLC d/b/a United Express,GRB,"Green Bay, WI: Green Bay Austin Straubel International",90,10,1.13,0.32,3.1,0,5.46,6,0,946,38,81,139,0,688
2026,6,G7,GoJet Airlines LLC d/b/a United Express,GRR,"Grand Rapids, MI: Gerald R. Ford International",83,18,4.24,0.25,6,0,7.52,2,0,1022,261,30,141,0,590
2026,6,G7,GoJet Airlines LLC d/b/a United Express,GSO,"Greensboro/High Point, NC: Piedmont Triad International",116,34,10.3,0,5.48,0,18.21,4,0,3687,1466,0,349,0,1872
2026,6,G7,GoJet Airlines LLC d/b/a United Express,GSP,"Greer, SC: Greenville-Spartanburg International",20,4,0.09,0,1,0,2.91,0,0,292,16,0,15,0,261
2026,6,G7,GoJet Airlines LLC d/b/a United Express,HSV,"Huntsville, AL: Huntsville International-Carl T Jones Field",60,17,4.14,0.71,5.1,0,7.05,2,0,2155,335,110,262,0,1448
2026,6,G7,GoJet Airlines LLC d/b/a United Express,IAD,"Washington, DC: Washington Dulles International",407,52,13.63,2.36,10.75,0,25.26,0,0,5672,1001,262,745,0,3664
2026,6,G7,GoJet Airlines LLC d/b/a United Express,ICT,"Wichita, KS: Wichita Dwight D Eisenhower National",30,10,2.64,1.67,2.12,0,3.57,1,0,926,183,176,169,0,398
2026,6,G7,GoJet Airlines LLC d/b/a United Express,IND,"Indianapolis, IN: Indianapolis International",20,3,1.47,0,1,0,0.53,0,0,120,65,0,15,0,40
2026,6,G7,GoJet Airlines LLC d/b/a United Express,LEX,"Lexington, KY: Blue Grass",113,25,8.08,0.95,3.65,0,12.31,7,1,2947,700,139,164,0,1944
2026,6,G7,GoJet Airlines LLC d/b/a United Express,LIT,"Little Rock, AR: Bill and Hillary Clinton Nat Adams Field",54,14,3.71,0.9,3.07,0,6.32,2,0,814,149,64,126,0,475
2026,6,G7,GoJet Airlines LLC d/b/a United Express,MDT,"Harrisburg, PA: Harrisburg International",54,13,2.11,0.43,4.17,0,6.29,1,0,1455,157,38,217,0,1043
2026,6,G7,GoJet Airlines LLC d/b/a United Express,MLI,"Moline, IL: Quad Cities International",124,29,7.18,1.61,4.5,0,15.71,6,0,2039,619,132,243,0,1045
2026,6,G7,GoJet Airlines LLC d/b/a United Express,MSN,"Madison, WI: Dane County Regional-Truax Field",31,3,0.16,1,1.03,0,0.82,2,0,305,18,155,38,0,94
2026,6,G7,GoJet Airlines LLC d/b/a United Express,ORD,"Chicago, IL: Chicago O'Hare International",2448,554,117.54,18.44,242.15,0,175.87,96,12,56925,9044,3275,24018,0,20588
2026,6,G7,GoJet Airlines LLC d/b/a United Express,ORF,"Norfolk, VA: Norfolk International",34,12,2.38,0.99,1.78,0,6.84,1,0,2174,189,848,185,0,952
2026,6,G7,GoJet Airlines LLC d/b/a United Express,PHL,"Philadelphia, PA: Philadelphia International",22,2,0,0,1,0,1,0,0,217,0,0,55,0,162
2026,6,G7,GoJet Airlines LLC d/b/a United Express,PIA,"Peoria, IL: General Downing - Peoria International",84,19,3.9,1.03,5.91,0,8.15,1,0,1584,494,209,219,0,662
2026,6,G7,GoJet Airlines LLC d/b/a United Express,PIT,"Pittsburgh, PA: Pittsburgh International",56,10,1.23,0,2.58,0,6.19,0,0,1101,44,0,127,0,930
2026,6,G7,GoJet Airlines LLC d/b/a United Express,PVD,"Providence, RI: Rhode Island Tf Green International",11,1,0.02,0,0.25,0,0.73,0,0,163,3,0,41,0,119
2026,6,G7,GoJet Airlines LLC d/b/a United Express,PWM,"Portland, ME: Portland International Jetport",9,0,0,0,0,0,0,0,0,0,0,0,0,0,0
2026,6,G7,GoJet Airlines LLC d/b/a United Express,RDU,"Raleigh/Durham, NC: Raleigh-Durham International",8,1,1,0,0,0,0,0,0,30,30,0,0,0,0
2026,6,G7,GoJet Airlines LLC d/b/a United Express,RIC,"Richmond, VA: Richmond International",191,44,10.59,0.38,12.5,0,20.54,3,0,6646,2133,12,969,0,3532
2026,6,G7,GoJet Airlines LLC d/b/a United Express,ROA,"Roanoke, VA: Roanoke Blacksburg Regional",35,7,3.13,0,1.12,0,2.76,0,0,780,452,0,62,0,266
2026,6,G7,GoJet Airlines LLC d/b/a United Express,ROC,"Rochester, NY: Frederick Douglass Grtr Rochester International",47,10,3.09,0,2.92,0,3.99,3,0,1785,236,0,172,0,1377
2026,6,G7,GoJet Airlines LLC d/b/a United Express,SCE,"State College, PA: State College Regional",36,4,1.66,0,0.58,0,1.76,0,0,210,100,0,30,0,80
2026,6,G7,GoJet Airlines LLC d/b/a United Express,SDF,"Louisville, KY: Louisville Muhammad Ali International",42,8,2.55,0,0.77,0,4.67,0,0,489,146,0,24,0,319
2026,6,G7,GoJet Airlines LLC d/b/a United Express,SGF,"Springfield, MO: Springfield-Branson National",96,24,4.21,0.12,7.1,0,12.57,2,1,1636,360,23,345,0,908
2026,6,G7,GoJet Airlines LLC d/b/a United Express,STL,"St. Louis, MO: St Louis Lambert International",235,66,23.96,3.07,21.91,0,17.06,10,0,7027,2250,1281,1088,0,2408
2026,6,G7,GoJet Airlines LLC d/b/a United Express,SYR,"Syracuse, NY: Syracuse Hancock International",47,7,2.3,0,0.37,0,4.34,0,0,671,140,0,34,0,497
2026,6,G7,GoJet Airlines LLC d/b/a United Express,TUL,"Tulsa, OK: Tulsa International",30,5,0.27,1,2.73,0,1,2,0,266,14,53,129,0,70
2026,6,G7,GoJet Airlines LLC d/b/a United Express,TVC,"Traverse City, MI: Cherry Capital",42,8,3.45,0,2.45,0,2.1,0,0,436,119,0,93,0,224
2026,6,G7,GoJet Airlines LLC d/b/a United Express,TYS,"Knoxville, TN: McGhee Tyson",29,8,1.83,0,3.46,0,2.71,0,0,289,46,0,73,0,170
2026,6,G7,GoJet Airlines LLC d/b/a United Express,XNA,"Fayetteville, AR: Northwest Arkansas National",113,32,6.98,1.67,12.51,0,10.83,5,0,1843,423,77,447,0,896
2026,6,MQ,Envoy Air,ABE,"Allentown/Bethlehem/Easton, PA: Lehigh Valley International",54,14,4.38,1.36,1.25,0,7.02,3,0,898,216,255,30,0,397
2026,6,MQ,Envoy Air,ABI,"Abilene, TX: Abilene Regional",172,37,15.23,2.38,5.74,0,13.65,4,2,2822,478,333,539,0,1472
2026,6,MQ,Envoy Air,ABQ,"Albuquerque, NM: Albuquerque International Sunport",81,19,2.73,0.76,6.07,0,9.44,3,1,868,57,33,379,0,399
2026,6,MQ,Envoy Air,ACK,"Nantucket, MA: Nantucket Memorial",6,0,0,0,0,0,0,0,0,0,0,0,0,0,0
2026,6,MQ,Envoy Air,ACT,"Waco, TX: Waco Regional",60,17,4.66,1.48,3.32,0,7.54,3,0,918,132,102,225,0,459
2026,6,MQ,Envoy Air,AEX,"Alexandria, LA: Alexandria International",60,7,0.68,1.63,1.06,0,3.63,5,1,816,82,332,119,0,283
2026,6,MQ,Envoy Air,ALB,"Albany, NY: Albany International",63,7,0.98,0,2.72,0,3.3,3,0,386,27,0,159,0,200
2026,6,MQ,Envoy Air,ALO,"Waterloo, IA: Waterloo Regional",4,0,0,0,0,0,0,0,0,0,0,0,0,0,0
2026,6,MQ,Envoy Air,AMA,"Amarillo, TX: Rick Husband Amarillo International",149,36,8.57,4.44,5.34,0,17.65,5,0,2833,380,448,230,0,1775
2026,6,MQ,Envoy Air,ATL,"Atlanta, GA: Hartsfield-Jackson Atlanta International",56,8,4.34,0,1.85,0,1.82,0,0,479,279,0,76,0,124
2026,6,MQ,Envoy Air,ATW,"Appleton, WI: Appleton International",153,35,3.18,3.15,9.27,0,19.4,4,0,2339,104,237,394,0,1604
2026,6,MQ,Envoy Air,AUS,"Austin, TX: Austin - Bergstrom International",122,31,6.1,2.39,6.83,0,15.68,7,0,1329,299,100,200,0,730
2026,6,MQ,Envoy Air,AVL,"Asheville, NC: Asheville Regional",90,17,3.87,0.22,9.15,0,3.77,3,1,648,195,10,298,0,145
2026,6,MQ,Envoy Air,AVP,"Scranton/Wilkes-Barre, PA: Wilkes Barre Scranton International",60,13,4.87,1,0.2,0,6.93,4,0,744,175,167,9,0,393
2026,6,MQ,Envoy Air,BDL,"Hartford, CT: Bradley International",30,3,0,0.98,1.52,0,0.5,2,0,115,0,44,63,0,8
2026,6,MQ,Envoy Air,BGR,"Bangor, ME: Bangor International",3,0,0,0,0,0,0,0,0,0,0,0,0,0,0
2026,6,MQ,Envoy Air,BHM,"Birmingham, AL: Birmingham-Shuttlesworth International",191,55,14.74,4.41,12.7,0,23.15,5,0,3333,713,303,497,0,1820
2026,6,MQ,Envoy Air,BIL,"Billings, MT: Billings Logan International",90,16,3.33,2.27,3.47,0,6.94,1,0,1012,174,114,230,0,494
2026,6,MQ,Envoy Air,BIS,"Bismarck/Mandan, ND: Bismarck Municipal",90,12,1.21,3.36,2.57,0,4.86,1,0,741,57,303,64,0,317
2026,6,MQ,Envoy Air,BMI,"Bloomington/Normal, IL: Central Il Regional Airport at Bloomington",122,34,7.72,5.59,7.7,0,12.99,3,1,2673,444,433,851,0,945
2026,6,MQ,Envoy Air,BNA,"Nashville, TN: Nashville International",202,42,6.04,2.63,18.09,0,15.24,1,0,2064,295,234,813,0,722
2026,6,MQ,Envoy Air,BOI,"Boise, ID: Boise Air Terminal",30,9,1.63,0,1.54,0,5.83,0,0,439,51,0,54,0,334
2026,6,MQ,Envoy Air,BOS,"Boston, MA: Logan International",198,34,6.49,0.78,14.89,0,11.84,4,0,2297,544,100,999,0,654
2026,6,MQ,Envoy Air,BRO,"Brownsville, TX: Brownsville South Padre Island International",111,19,5.06,0.24,6.1,0,7.6,5,0,1450,212,43,258,0,937
2026,6,MQ,Envoy Air,BTR,"Baton Rouge, LA: Baton Rouge Metropolitan/Ryan Field",141,40,5.16,6.88,7.12,0,20.84,5,0,2960,302,688,511,0,1459
2026,6,MQ,Envoy Air,BUF,"Buffalo, NY: Buffalo Niagara International",7,2,0.44,0,1,0,0.56,0,0,64,16,0,28,0,20
2026,6,MQ,Envoy Air,BUR,"Burbank, CA: Bob Hope",53,9,3.01,0,0.28,0,5.71,0,0,412,152,0,23,0,237
2026,6,MQ,Envoy Air,BWI,"Baltimore, MD: Baltimore/Washington International Thurgood Marshall",57,13,3.54,1.34,3.81,0,4.31,1,0,909,311,117,114,0,367
2026,6,MQ,Envoy Air,CAE,"Columbia, SC: Columbia Metropolitan",142,33,7.46,2.41,6.65,0,16.48,8,0,2238,516,247,355,0,1120
2026,6,MQ,Envoy Air,CAK,"Akron, OH: Akron-Canton Regional",60,17,4.93,0.02,5.71,0,6.34,4,0,1179,306,4,190,0,679
2026,6,MQ,Envoy Air,CHA,"Chattanooga, TN: Lovell Field",69,14,1.15,2.43,3.87,0,6.55,3,0,1090,58,312,219,0,501
2026,6,MQ,Envoy Air,CHS,"Charleston, SC: Charleston AFB/International",32,5,0.11,0.17,2.08,0,2.64,1,0,341,11,17,113,0,200
2026,6,MQ,Envoy Air,CID,"Cedar Rapids/Iowa City, IA: The Eastern Iowa",205,28,4.63,3.4,6.34,0,13.62,6,0,1857,271,176,492,0,918
2026,6,MQ,Envoy Air,CLD,"Carlsbad, CA: McClellan-Palomar",120,24,7.19,1,0.31,0,15.51,0,0,1458,287,46,25,0,1100
2026,6,MQ,Envoy Air,CLE,"Cleveland, OH: Cleveland-Hopkins International",64,15,3.38,0.87,6.28,0,4.46,3,0,774,134,67,318,0,255
2026,6,MQ,Envoy Air,CLL,"College Station/Bryan, TX: Easterwood Field",90,14,3.63,1.17,2.6,0,6.6,8,0,1022,203,166,94,0,559
2026,6,MQ,Envoy Air,CLT,"Charlotte, NC: Charlotte Douglas International",467,58,14.43,3.3,9.76,1,29.51,2,2,5265,2725,240,334,26,1940
2026,6,MQ,Envoy Air,CMH,"Columbus, OH: John Glenn Columbus International",253,54,13.69,3.26,17.31,1.69,18.04,5,0,3616,762,247,993,85,1529
2026,6,MQ,Envoy Air,CMI,"Champaign/Urbana, IL: University of Illinois/Willard",145,35,8.53,2.3,6.98,0,17.19,6,0,2231,408,279,256,0,1288
2026,6,MQ,Envoy Air,COS,"Colorado Springs, CO: City of Colorado Springs Municipal",2,1,0,0,0,0,1,0,0,16,0,0,0,0,16
2026,6,MQ,Envoy Air,COU,"Columbia, MO: Columbia Regional",230,55,9.66,2.56,13.76,0,29.02,9,2,3765,612,169,752,0,2232
2026,6,MQ,Envoy Air,CRP,"Corpus Christi, TX: Corpus Christi International",256,60,8.69,3.05,14.83,0,33.43,9,2,4084,439,180,1168,0,2297
2026,6,MQ,Envoy Air,CVG,"Cincinnati, OH: Cincinnati/Northern Kentucky International",236,43,5.07,2.93,11.53,0,23.47,4,1,3930,285,482,786,0,2377
2026,6,MQ,Envoy Air,CWA,"Mosinee, WI: Central Wisconsin",90,19,3.15,2.07,5.12,0,8.66,4,0,1060,155,74,191,0,640
2026,6,MQ,Envoy Air,DAY,"Dayton, OH: James M Cox/Dayton International",32,13,2.93,0.65,3.81,0,5.61,2,0,595,148,48,140,0,259
2026,6,MQ,Envoy Air,DCA,"Washington, DC: Ronald Reagan Washington National",448,101,16.43,9.94,36.12,0,38.51,20,1,6759,914,706,1932,0,3207
2026,6,MQ,Envoy Air,DEN,"Denver, CO: Denver International",1,0,0,0,0,0,0,0,0,0,0,0,0,0,0
2026,6,MQ,Envoy Air,DFW,"Dallas/Fort Worth, TX: Dallas/Fort Worth International",6593,1448,273.9,189.32,303.66,5.99,675.12,281,50,146480,30239,31144,24175,275,60647
2026,6,MQ,Envoy Air,DSM,"Des Moines, IA: Des Moines International",61,14,2.45,1.45,2.81,0,7.29,3,0,711,108,97,138,0,368
2026,6,MQ,Envoy Air,DTW,"Detroit, MI: Detroit Metro Wayne County",150,23,6.64,1.53,3.51,0,11.32,6,0,1160,320,43,161,0,636
2026,6,MQ,Envoy Air,ECP,"Panama City, FL: Northwest Florida Beaches International",102,24,3.36,3.06,9.74,0,7.83,3,0,1558,155,252,569,0,582
2026,6,MQ,Envoy Air,ELP,"El Paso, TX: El Paso International",131,32,9.13,3.16,5.85,1,12.86,2,0,1883,506,208,453,55,661
2026,6,MQ,Envoy Air,EUG,"Eugene, OR: Mahlon Sweet Field",60,6,1.2,0,0.18,0,4.61,0,0,436,55,0,7,0,374
2026,6,MQ,Envoy Air,EVV,"Evansville, IN: Evansville Regional",120,21,5.21,2.63,5.93,0,7.22,7,0,1673,237,254,423,0,759
2026,6,MQ,Envoy Air,EYW,"Key West, FL: Key West International",145,15,7.36,0,1.41,0,6.23,0,2,730,385,0,28,0,317
2026,6,MQ,Envoy Air,FAR,"Fargo, ND: Hector International",179,36,11.27,2.11,9.61,0,13,10,0,2224,684,92,472,0,976
2026,6,MQ,Envoy Air,FAT,"Fresno, CA: Fresno Yosemite International",21,3,0,0,0.11,0,2.89,0,0,100,0,0,2,0,98
2026,6,MQ,Envoy Air,FCA,"Kalispell, MT: Glacier Park International",4,0,0,0,0,0,0,0,0,0,0,0,0,0,0
2026,6,MQ,Envoy Air,FSD,"Sioux Falls, SD: Joe Foss Field",4,1,0.64,0,0.36,0,0,0,0,44,28,0,16,0,0
2026,6,MQ,Envoy Air,FSM,"Fort Smith, AR: Fort Smith Regional",115,23,6.22,3.22,3.93,0,9.63,5,0,1481,265,427,304,0,485
2026,6,MQ,Envoy Air,FWA,"Fort Wayne, IN: Fort Wayne International",87,18,3.4,1.84,5.94,0,6.81,2,0,758,147,132,252,0,227
2026,6,MQ,Envoy Air,GCK,"Garden City, KS: Garden City Regional",60,14,1.59,2.01,2.47,0,7.93,1,0,1339,63,323,301,0,652
2026,6,MQ,Envoy Air,GGG,"Longview, TX: East Texas Regional",53,9,0,1.48,1.58,0,5.94,4,0,686,0,199,145,0,342
2026,6,MQ,Envoy Air,GNV,"Gainesville, FL: Gainesville Regional",90,28,3.69,2.42,7.48,0,14.41,1,0,1942,197,236,640,0,869
2026,6,MQ,Envoy Air,GPT,"Gulfport/Biloxi, MS: Gulfport-Biloxi International",90,14,2.61,3.57,2.68,0,5.13,6,0,831,65,219,143,0,404
2026,6,MQ,Envoy Air,GRB,"Green Bay, WI: Green Bay Austin Straubel International",120,20,5.65,2.14,3.63,0,8.58,4,0,1613,608,113,206,0,686
2026,6,MQ,Envoy Air,GRK,"Killeen, TX: Robert Gray AAF",171,45,11.08,2.37,8.01,0.94,22.6,11,0,2523,428,278,358,62,1397
2026,6,MQ,Envoy Air,GRR,"Grand Rapids, MI: Gerald R. Ford International",59,7,0.55,0.2,3.58,0,2.66,2,0,318,15,13,103,0,187
2026,6,MQ,Envoy Air,GSO,"Greensboro/High Point, NC: Piedmont Triad International",227,43,5.01,3.26,10.66,0,24.08,6,1,2562,252,238,471,0,1601
2026,6,MQ,Envoy Air,GSP,"Greer, SC: Greenville-Spartanburg International",230,48,13.28,1.91,15.98,0,16.82,6,0,2978,726,113,837,0,1302
2026,6,MQ,Envoy Air,HHH,"Hilton Head, SC: Hilton Head Airport",164,25,5.98,0.43,11.84,0,6.76,0,0,1443,331,21,390,0,701
2026,6,MQ,Envoy Air,HOU,"Houston, TX: William P Hobby",91,27,8.77,1.02,8.13,0,9.07,6,0,1658,292,79,369,0,918
2026,6,MQ,Envoy Air,HPN,"White Plains, NY: Westchester County",142,29,5.4,1.24,8.79,0,13.57,7,0,2434,257,238,342,0,1597
2026,6,MQ,Envoy Air,HRL,"Harlingen/San Benito, TX: Valley International",120,25,8.27,3,6.41,0,7.31,7,0,1916,845,159,361,0,551
2026,6,MQ,Envoy Air,HSV,"Huntsville, AL: Huntsville International-Carl T Jones Field",189,35,8.37,3.73,6.56,0,16.34,8,1,3178,402,586,716,0,1474
2026,6,MQ,Envoy Air,IAH,"Houston, TX: George Bush Intercontinental/Houston",67,23,2.04,1,10.27,1,8.69,4,1,1658,150,106,632,25,745
2026,6,MQ,Envoy Air,ICT,"Wichita, KS: Wichita Dwight D Eisenhower National",208,75,18.04,3.29,26.39,0.81,26.48,10,2,5238,841,416,1797,21,2163
2026,6,MQ,Envoy Air,ILM,"Wilmington, NC: Wilmington International",104,24,4.59,2.11,8.43,0,8.87,0,0,1465,180,537,358,0,390
2026,6,MQ,Envoy Air,IND,"Indianapolis, IN: Indianapolis International",31,3,0.89,0,2.11,0,0,0,0,407,251,0,156,0,0
2026,6,MQ,Envoy Air,JAN,"Jackson/Vicksburg, MS: Jackson Medgar Wiley Evers International",32,7,0.54,0.68,1.62,0,4.16,3,0,394,15,93,80,0,206
2026,6,MQ,Envoy Air,JAX,"Jacksonville, FL: Jacksonville International",59,7,2.5,0.65,2.5,0,1.35,0,0,261,95,30,98,0,38
2026,6,MQ,Envoy Air,LAN,"Lansing, MI: Capital Region International",60,11,0.8,0.84,3.24,0,6.12,2,0,1000,34,161,93,0,712
2026,6,MQ,Envoy Air,LAW,"Lawton/Fort Sill, OK: Lawton-Fort Sill Regional",55,17,6.22,2.04,6.45,0,2.28,2,0,1042,186,120,196,0,540
2026,6,MQ,Envoy Air,LBB,"Lubbock, TX: Lubbock Preston Smith International",146,29,2.41,3.19,3.99,0,19.4,2,1,3062,102,317,384,0,2259
2026,6,MQ,Envoy Air,LCH,"Lake Charles, LA: Lake Charles Regional",88,18,3.02,0,3.87,0,11.11,3,0,1654,152,0,409,0,1093
2026,6,MQ,Envoy Air,LEX,"Lexington, KY: Blue Grass",86,18,0.38,1.04,7.44,0,9.14,2,0,1053,21,211,420,0,401
2026,6,MQ,Envoy Air,LFT,"Lafayette, LA: Lafayette Regional Paul Fournet Field",108,21,4.27,2.3,5.88,0,8.56,6,0,1174,241,263,303,0,367
2026,6,MQ,Envoy Air,LIT,"Little Rock, AR: Bill and Hillary Clinton Nat Adams Field",511,122,24.3,14.9,30.26,0,52.54,15,2,7693,1162,1319,1598,0,3614
2026,6,MQ,Envoy Air,LRD,"Laredo, TX: Laredo International",150,28,6.9,2.96,4.69,0,13.44,12,0,2003,249,244,447,0,1063
2026,6,MQ,Envoy Air,LSE,"La Crosse, WI: La Crosse Regional",90,17,4.85,1.17,3.93,0,7.05,4,1,999,348,59,135,0,457
2026,6,MQ,Envoy Air,MAF,"Midland/Odessa, TX: Midland International Air and Space Port",166,38,5.65,3.77,5.53,0,23.06,8,0,2728,435,521,371,0,1401
2026,6,MQ,Envoy Air,MCI,"Kansas City, MO: Kansas City International",43,4,1.73,0,1.04,0,1.23,1,0,225,93,0,30,0,102
2026,6,MQ,Envoy Air,MDT,"Harrisburg, PA: Harrisburg International",1,0,0,0,0,0,0,0,0,0,0,0,0,0,0
2026,6,MQ,Envoy Air,MEM,"Memphis, TN: Memphis International",210,47,10.4,2.37,15.83,0,18.41,6,0,2979,580,221,799,0,1379
2026,6,MQ,Envoy Air,MFE,"Mission/McAllen/Edinburg, TX: McAllen International",137,29,5.91,3.64,4.95,0.24,14.26,4,0,1778,286,295,173,6,1018
2026,6,MQ,Envoy Air,MGM,"Montgomery, AL: Montgomery Regional",30,6,2.58,0.02,0.13,0,3.27,3,0,190,87,1,7,0,95
2026,6,MQ,Envoy Air,MHK,"Manhattan/Ft. Riley, KS: Manhattan Regional",123,33,9.38,2.86,8.84,0,11.92,4,0,2315,543,192,656,0,924
2026,6,MQ,Envoy Air,MHT,"Manchester, NH: Manchester Boston Regional",90,8,2.34,0,1.35,0,4.31,5,0,627,142,0,30,0,455
2026,6,MQ,Envoy Air,MIA,"Miami, FL: Miami International",1147,166,45.1,12.7,38.83,1.16,68.21,0,4,10473,3367,1415,1334,33,4324
2026,6,YX,Republic Airline,CVG,"Cincinnati, OH: Cincinnati/Northern Kentucky International",472,82,23.84,3.79,27.68,0,26.69,12,1,6303,1907,521,1445,0,2430
2026,6,YX,Republic Airline,DAY,"Dayton, OH: James M Cox/Dayton International",21,3,1.16,0,0.66,0,1.18,2,0,142,34,0,45,0,63
2026,6,YX,Republic Airline,DCA,"Washington, DC: Ronald Reagan Washington National",2116,489,87.25,13.78,245.8,0,142.18,85,3,33279,7112,1851,12893,0,11423
2026,6,YX,Republic Airline,DFW,"Dallas/Fort Worth, TX: Dallas/Fort Worth International",5,1,0.38,0,0.62,0,0,0,0,26,10,0,16,0,0
2026,6,YX,Republic Airline,DSM,"Des Moines, IA: Des Moines International",120,24,0.57,0.07,8.96,0,14.4,9,1,1664,67,4,439,0,1154
2026,6,YX,Republic Airline,DTW,"Detroit, MI: Detroit Metro Wayne County",564,87,27.13,5.09,30.25,0,24.53,9,0,8176,1741,1449,2527,0,2459
2026,6,YX,Republic Airline,ECP,"Panama City, FL: Northwest Florida Beaches International",55,10,0.48,0,4.19,0,5.33,0,0,356,36,0,103,0,217
2026,6,YX,Republic Airline,EWR,"Newark, NJ: Newark Liberty International",2310,404,78.69,10.59,216.06,0,98.66,71,11,39351,7622,877,20516,0,10336
2026,6,YX,Republic Airline,EYW,"Key West, FL: Key West International",72,11,2.37,0.36,5.7,0,2.58,0,1,340,55,27,148,0,110
2026,6,YX,Republic Airline,GRB,"Green Bay, WI: Green Bay Austin Straubel International",2,0,0,0,0,0,0,0,0,0,0,0,0,0,0
2026,6,YX,Republic Airline,GRR,"Grand Rapids, MI: Gerald R. Ford International",253,40,9.82,0,16.02,0,14.16,12,0,2576,677,0,797,0,1102
2026,6,YX,Republic Airline,GSO,"Greensboro/High Point, NC: Piedmont Triad International",148,30,6.36,1.52,10.7,0,11.42,8,0,2073,350,260,523,0,940
2026,6,YX,Republic Airline,GSP,"Greer, SC: Greenville-Spartanburg International",163,28,2.44,0.09,9.52,0,15.94,7,0,1989,114,11,620,0,1244
2026,6,YX,Republic Airline,HHH,"Hilton Head, SC: Hilton Head Airport",130,20,9.06,0,9.22,0,1.72,0,1,1862,1296,0,335,0,231
2026,6,YX,Republic Airline,HYA,"Hyannis, MA: Cape Cod Gateway",47,5,0.06,0,4,0,0.94,0,0,167,2,0,131,0,34
2026,6,YX,Republic Airline,IAD,"Washington, DC: Washington Dulles International",740,112,32.44,4.54,26.76,0,48.25,11,0,10666,2549,637,1943,0,5537
2026,6,YX,Republic Airline,IAH,"Houston, TX: George Bush Intercontinental/Houston",46,11,3.62,1.85,4.75,0,0.78,1,0,1687,1039,292,319,0,37
2026,6,YX,Republic Airline,ICT,"Wichita, KS: Wichita Dwight D Eisenhower National",1,1,1,0,0,0,0,0,0,45,45,0,0,0,0
2026,6,YX,Republic Airline,ILM,"Wilmington, NC: Wilmington International",197,25,5.88,1.63,9.01,0,8.47,9,0,2092,360,415,358,0,959
2026,6,YX,Republic Airline,IND,"Indianapolis, IN: Indianapolis International",1237,209,53.96,9.8,63.5,0,81.75,41,5,17118,3247,2115,3086,0,8670
2026,6,YX,Republic Airline,JAN,"Jackson/Vicksburg, MS: Jackson Medgar Wiley Evers International",8,3,1,0.1,0,0,1.9,1,0,197,48,12,0,0,137
2026,6,YX,Republic Airline,JAX,"Jacksonville, FL: Jacksonville International",233,41,9.11,1.17,13.52,0,17.2,5,4,2057,584,151,404,0,918
2026,6,YX,Republic Airline,JFK,"New York, NY: John F. Kennedy International",1200,265,54.65,16.41,131.94,0.81,61.19,53,3,21999,4160,2319,9442,79,5999
2026,6,YX,Republic Airline,LEX,"Lexington, KY: Blue Grass",60,11,3.99,0,2.95,0,4.06,1,0,1218,517,0,237,0,464
2026,6,YX,Republic Airline,LGA,"New York, NY: LaGuardia",4716,895,199.31,50.75,397.79,0,247.14,235,16,76072,17854,5076,30364,0,22778
2026,6,YX,Republic Airline,LIT,"Little Rock, AR: Bill and Hillary Clinton Nat Adams Field",30,4,0.14,0,2,0,1.86,2,0,150,3,0,57,0,90
2026,6,YX,Republic Airline,MCI,"Kansas City, MO: Kansas City International",112,20,4.06,0.69,11.16,0,4.09,3,1,1245,162,88,715,0,280
2026,6,YX,Republic Airline,MDT,"Harrisburg, PA: Harrisburg International",90,22,4.01,0,3.51,0,14.48,4,0,1462,194,0,254,0,1014
2026,6,YX,Republic Airline,MEM,"Memphis, TN: Memphis International",294,77,15.57,3.72,25.14,0,32.57,17,0,5713,1109,636,1419,0,2549
2026,6,YX,Republic Airline,MIA,"Miami, FL: Miami International",64,14,5.67,0.33,2.89,0,5.11,2,0,1126,305,40,159,0,622
2026,6,YX,Republic Airline,MKE,"Milwaukee, WI: General Mitchell International",242,35,8.93,2.15,12.03,0,11.9,14,2,2616,608,580,582,0,846
2026,6,YX,Republic Airline,MSN,"Madison, WI: Dane County Regional-Truax Field",219,50,12.53,0.39,17.12,0,19.96,11,2,5060,2456,28,869,0,1707
2026,6,YX,Republic Airline,MSP,"Minneapolis, MN: Minneapolis-St Paul International",66,17,4.17,0,4.11,0,8.72,6,0,835,164,0,169,0,502
2026,6,YX,Republic Airline,MSY,"New Orleans, LA: Louis Armstrong New Orleans International",40,6,1.93,0,3.07,0,1,0,0,271,110,0,135,0,26
2026,6,YX,Republic Airline,MVY,"Martha's Vineyard, MA: Martha's Vineyard Airport",148,15,5.56,0,3.09,0,6.35,1,1,849,299,0,118,0,432
2026,6,YX,Republic Airline,MYR,"Myrtle Beach, SC: Myrtle Beach International",54,10,2.19,1.13,5.21,0,1.47,2,0,1043,258,266,298,0,221
2026,6,YX,Republic Airline,OKC,"Oklahoma City, OK: Okc Will Rogers International",59,10,2.63,0.73,2.95,0,3.69,5,0,1091,113,78,165,0,735
2026,6,YX,Republic Airline,OMA,"Omaha, NE: Eppley Airfield",85,19,5.05,0.98,7.14,0,5.83,1,0,1236,336,90,272,0,538
2026,6,YX,Republic Airline,ORD,"Chicago, IL: Chicago O'Hare International",2529,405,78.09,27.89,185.12,0.2,113.71,110,11,36963,5980,6496,14364,3,10120
2026,6,YX,Republic Airline,ORF,"Norfolk, VA: Norfolk International",356,63,15.78,1.77,20.88,0,24.57,18,1,4412,808,406,942,0,2256
2026,6,YX,Republic Airline,PBI,"West Palm Beach/Palm Beach, FL: Palm Beach International",86,14,2.56,0.21,6.19,0,5.04,3,3,767,113,29,271,0,354
2026,6,YX,Republic Airline,PHL,"Philadelphia, PA: Philadelphia International",616,111,25.67,4.57,39.13,0,41.63,14,0,8257,1791,515,2559,0,3392
2026,6,YX,Republic Airline,PIT,"Pittsburgh, PA: Pittsburgh International",1044,195,44.23,8.61,56.47,0,85.69,32,5,16601,4117,1109,2873,0,8502
2026,6,YX,Republic Airline,PNS,"Pensacola, FL: Pensacola International",30,8,2.83,0.75,4.19,0,0.23,0,0,707,213,291,115,0,88
2026,6,YX,Republic Airline,PVD,"Providence, RI: Rhode Island Tf Green International",45,6,1.72,0,2.35,0,1.92,4,0,382,52,0,248,0,82
2026,6,YX,Republic Airline,PWM,"Portland, ME: Portland International Jetport",383,55,9.21,1.65,16.93,0,27.22,14,0,5178,555,569,1300,0,2754
2026,6,YX,Republic Airline,RDU,"Raleigh/Durham, NC: Raleigh-Durham International",552,83,14.58,4.78,24.02,0,39.63,17,0,6624,1185,532,1464,0,3443
2026,6,YX,Republic Airline,RIC,"Richmond, VA: Richmond International",445,71,17.77,0,20.1,0,33.13,22,0,4957,876,0,1107,0,2974
2026,6,YX,Republic Airline,ROA,"Roanoke, VA: Roanoke Blacksburg Regional",60,13,2.28,1.09,3.95,0,5.68,3,1,847,89,226,193,0,339
2026,6,YX,Republic Airline,ROC,"Rochester, NY: Frederick Douglass Grtr Rochester International",151,23,3.64,0.76,2.19,0,16.41,4,0,1664,242,111,105,0,1206
2026,6,YX,Republic Airline,SAT,"San Antonio, TX: San Antonio International",2,0,0,0,0,0,0,0,1,0,0,0,0,0,0
2026,6,YX,Republic Airline,SAV,"Savannah, GA: Savannah/Hilton Head International",87,15,7.1,0,4.64,0,3.25,2,0,442,176,0,118,0,148
2026,6,YX,Republic Airline,SBN,"South Bend, IN: South Bend International",,,,,,,,,,,,,,,
2026,6,YX,Republic Airline,SDF,"Louisville, KY: Louisville Muhammad Ali International",574,108,26.8,2.26,35.79,0,43.16,21,3,10484,3112,1120,1875,0,4377
2026,6,YX,Republic Airline,SRQ,"Sarasota/Bradenton, FL: Sarasota/Bradenton International",4,0,0,0,0,0,0,0,0,0,0,0,0,0,0
2026,6,YX,Republic Airline,STL,"St. Louis, MO: St Louis Lambert International",208,40,14.27,0.63,14.22,0,10.88,7,1,2559,864,75,770,0,850
2026,6,YX,Republic Airline,SYR,"Syracuse, NY: Syracuse Hancock International",54,5,0.63,0,2.69,0,1.68,0,1,114,13,0,64,0,37
2026,6,YX,Republic Airline,TUL,"Tulsa, OK: Tulsa International",60,13,1.52,0.74,4.3,0,6.44,2,1,1471,61,409,223,0,778
2026,6,YX,Republic Airline,TVC,"Traverse City, MI: Cherry Capital",127,19,6.41,0,8.94,0,3.65,3,0,1346,682,0,359,0,305
2026,6,YX,Republic Airline,XNA,"Fayetteville, AR: Northwest Arkansas National",79,20,3.34,1.32,10.17,0,5.17,1,2,1935,339,592,497,0,507
